email_text,label
"Hello, Hi, just wanted to let you know that the family reunion is confirmed for August 15th. We've booked the lakehouse for the weekend. Please let everyone know and bring your favorite dish! Thanks,",ham
GREETINGS! YOUR EMAIL ACCOUNT WILL BE DELETED IN 24 HOURS UNLESS YOU VERIFY. CLICK THE VERIFICATION LINK BELOW TO CONFIRM YOUR IDENTITY. THIS IS AN AUTOMATED MESSAGE FROM THE IT SECURITY TEAM. WIRE TRANSFER ONLY. ACT IMMEDIATELY!,spam
"Dear team, Hi, your appointment with Dr. Smith is confirmed for next Monday at 2:30 PM. Please arrive 15 minutes early to complete the paperwork. If you need to reschedule, call us at least 24 hours in advance.",ham
"Hi, I'm dropping off the kids at school tomorrow morning. Can you pick them up at 3 PM? I have a dentist appointment that I can't reschedule. Let's discuss this further. See you soon,",ham
"BITCOIN ALERT: Invest $250 today and earn $10,000 by next week! Our AI-powered trading bot does all the work for you. Don't miss this once-in-a-lifetime opportunity! Wire transfer only. Click here now! ?*$",spam
"DEAR CUSTOMER, BITCOIN ALERT: INVEST $250 TODAY AND EARN $10,000 BY NEXT WEEK! OUR AI-POWERED TRADING BOT DOES ALL THE WORK FOR YOU. DON'T MISS THIS ONCE-IN-A-LIFETIME OPPORTUNITY! THIS OFFER WON'T LAST LONG.",spam
"Good morning, Hi, the landlord sent an email about the building maintenance schedule. They'll be fixing the elevator on Tuesday and the water will be off for 2 hours on Wednesday. Just wanted to give you a heads up. Regards,",ham
Attention! IMPORTANT: Your Netflix subscription payment failed. Update your billing information now to avoid service interruption. Click here to update your payment method securely. 100% guaranteed!,spam
"Hi, I've completed the code review for the API endpoints. Overall it looks great, just a few minor suggestions in the comments. Nice work on the error handling! Don't hesitate to reach out. Best,",ham
"Good morning, Dear students, the midterm exam will cover chapters 1 through 7. I've uploaded a practice test on the course portal. Review sessions will be held next Tuesday and Thursday. Thanks for your time. See you soon,",ham
"Dear User, BITCOIN ALERT: Invest $250 today and earn $10,000 by next week!!! Our AI-powered trading bot does all the work for you. Don't miss this once-in-a-lifetime opportunity!!! Buy now pay later. Hurry!!!",spam
"Hello everyone, Hey, I noticed a bug in the payment processing module. When users enter an invalid card number, the error message doesn't display correctly. I've created a ticket for it. Can you take a look? Let me know your thoughts. Regards,",ham
"Dear team, Dear Professor, I wanted to confirm my attendance for the research seminar next week. I've prepared a brief summary of my findings so far. Would it be possible to schedule a 15-minute slot for my presentation? Take care,",ham
"Dear member, our gym will be undergoing renovations starting next month. The pool area will be closed for two weeks but all other facilities remain open. We apologize for any inconvenience. Talk soon,",ham
"Dear Professor, I wanted to confirm my attendance for the research seminar next week. I've prepared a brief summary of my findings so far. Would it be possible to schedule a 15-minute slot for my presentation? Best,",ham
"DEAR WINNER, CRITICAL: YOUR SOCIAL SECURITY NUMBER HAS BEEN COMPROMISED! CALL OUR TOLL-FREE NUMBER IMMEDIATELY TO FREEZE YOUR CREDIT. FAILURE TO ACT NOW COULD RESULT IN IDENTITY THEFT! THIS IS NOT SPAM. 100% GUARANTEED!",spam
"Hi, Dear Professor, I wanted to confirm my attendance for the research seminar next week. I've prepared a brief summary of my findings so far. Would it be possible to schedule a 15-minute slot for my presentation? Best,",ham
"Dear Friend, Your PayPal account has been limited due to suspicious activity. Please log in through the secure link below to restore full access. Ignoring this notice will result in permanent account closure. Reply with YES to confirm. Reply ASAP!",spam
"Hey, Hey, I saw the photos from your vacation. Looks like you had an amazing time! Where exactly did you stay? I'd love to plan a similar trip. We should catch up soon and you can tell me all about it. I appreciate your help. Take care,",ham
"Hey, Good afternoon. The server migration is scheduled for this Saturday at 2 AM. Expected downtime is approximately 4 hours. I'll send out notifications to all affected users. Best regards,",ham
"Attention! You are the lucky winner of our weekly sweepstakes! A sum of $250,000 has been allocated to your name. Click here to verify your identity and receive your funds within 48 hours. This is not a joke!",spam
"Hello, Dear Professor, I wanted to confirm my attendance for the research seminar next week. I've prepared a brief summary of my findings so far. Would it be possible to schedule a 15-minute slot for my presentation? Best,",ham
"Hello everyone, Hey, did you see the game last night? What an incredible comeback! That last-minute goal was unbelievable. We should watch the next match together at the sports bar. Take care,",ham
"CONGRATULATIONS! YOU HAVE BEEN SELECTED AS THE WINNER OF OUR INTERNATIONAL LOTTERY. CLICK THE LINK BELOW TO CLAIM YOUR PRIZE OF $1,000,000. THIS OFFER EXPIRES IN 24 HOURS SO ACT FAST! YOU HAVE BEEN SPECIALLY SELECTED. ACT IMMEDIATELY!",spam
"Hi, I wanted to share this interesting article about sustainable energy. It discusses how solar panel efficiency has improved by 40% in the last decade. Thought you might find it relevant for your research. Take care,",ham
"DEAR LUCKY ONE, URGENT: YOUR EMAIL HAS BEEN RANDOMLY SELECTED FOR A CASH PRIZE OF $500,000. TO CLAIM YOUR WINNINGS, REPLY WITH YOUR FULL NAME, ADDRESS, AND BANK DETAILS IMMEDIATELY. DO NOT SHARE THIS EMAIL WITH ANYONE. RISK-FREE TRIAL. 100% GUARANTEED!",spam
"Hey, Hey, I've pushed the latest changes to the feature branch. Could you please review the pull request when you get a chance? The main updates are in the authentication module. Feel free to call me. Best,",ham
BUY DISCOUNT MEDICATIONS ONLINE! UP TO 80% OFF ON ALL PRESCRIPTIONS. NO PRESCRIPTION NEEDED. FAST DISCREET SHIPPING WORLDWIDE. ORDER NOW AND GET FREE BONUS PILLS! RISK-FREE TRIAL. ACT IMMEDIATELY!,spam
"Good morning, Good news! The community garden project has been approved by the city council. We'll be starting the planting season next month. Volunteers can sign up at the community center. Regards,",ham
"Hey there, Hey, do you have the notes from yesterday's lecture? I had to leave early for a doctor's appointment. I'd really appreciate it if you could share them. Feel free to call me. See you soon,",ham
"Hi there, Hey! How are you doing? It's been a while since we caught up. Want to grab coffee this weekend? Let me know what works for you. Let's discuss this further. Regards,",ham
"BITCOIN ALERT: Invest $250 today and earn $10,000 by next week! Our AI-powered trading bot does all the work for you. Don't miss this once-in-a-lifetime opportunity! Unsubscribe by clicking here. Limited time only!",spam
"DEAR USER, YOUR PAYPAL ACCOUNT HAS BEEN LIMITED DUE TO SUSPICIOUS ACTIVITY. PLEASE LOG IN THROUGH THE SECURE LINK BELOW TO RESTORE FULL ACCESS. IGNORING THIS NOTICE WILL RESULT IN PERMANENT ACCOUNT CLOSURE. UNSUBSCRIBE BY CLICKING HERE. ACT IMMEDIATELY! *?!",spam
"Hi there, Hi, I wanted to share this interesting article about sustainable energy. It discusses how solar panel efficiency has improved by 40% in the last decade. Thought you might find it relevant for your research. Let's discuss this further. Regards,",ham
"Hello, Hey, I found that old photo album we were looking for. There are some really great pictures from our college days in there. I'll bring it over when I visit next time. See you at the meeting. Best,",ham
"Hello, Thank you for your order! Your package has been shipped and is expected to arrive by Thursday. You can track your delivery using the link in your account. If you have any questions, please contact our support team. Talk soon,",ham
"Hey, Hi team, just a reminder that we have our weekly standup meeting tomorrow at 10 AM. Please prepare your status updates and any blockers you'd like to discuss. See you all in the conference room. Looking forward to hearing from you. Best,",ham
"DEAR CUSTOMER, ALERT: YOUR BANK ACCOUNT HAS BEEN COMPROMISED. CLICK HERE IMMEDIATELY TO VERIFY YOUR IDENTITY AND SECURE YOUR ACCOUNT. FAILURE TO ACT WITHIN 24 HOURS WILL RESULT IN ACCOUNT SUSPENSION. LIMITED TIME ONLY!!!",spam
"Hello everyone, Hi, I wanted to share this interesting article about sustainable energy. It discusses how solar panel efficiency has improved by 40% in the last decade. Thought you might find it relevant for your research. Looking forward to hearing from you. Take care,",ham
"Dear team, Reminder: The office will be closed next Monday for the holiday. Please make sure all urgent tasks are completed by Friday. Enjoy the long weekend! Looking forward to hearing from you. Take care,",ham
"Hello, Dear students, the midterm exam will cover chapters 1 through 7. I've uploaded a practice test on the course portal. Review sessions will be held next Tuesday and Thursday. Don't hesitate to reach out. Best,",ham
"Hey there, Hi class, the assignment deadline has been extended to next Wednesday. Please make sure to include proper citations and references. Office hours are available on Monday if you need help. Let's discuss this further. Best regards,",ham
"To Whom It May Concern, Secret investment strategy revealed! Wall Street insiders don't want you to know this. Turn $100 into $50,000 in just 30 days. Click here to learn the method that's making ordinary people rich! Reply with YES to confirm. Limited time only!",spam
"To Whom It May Concern, Your email account will be DELETED in 24 hours unless you verify. Click the verification link below to confirm your identity. This is an automated message from the IT security team.",spam
GREETINGS! ALERT: YOUR BANK ACCOUNT HAS BEEN COMPROMISED. CLICK HERE IMMEDIATELY TO VERIFY YOUR IDENTITY AND SECURE YOUR ACCOUNT. FAILURE TO ACT WITHIN 24 HOURS WILL RESULT IN ACCOUNT SUSPENSION. DON'T WAIT!,spam
"Attention!!! ATTENTION: You have an unclaimed tax refund of $3,247.00!!! File your claim online within 48 hours or the refund will be forfeited. Click here to submit your banking details for direct deposit. Guaranteed results. Hurry!!!",spam
"Good morning, Hi team, just a reminder that we have our weekly standup meeting tomorrow at 10 AM. Please prepare your status updates and any blockers you'd like to discuss. See you all in the conference room. Don't hesitate to reach out. Best regards,",ham
"To Whom It May Concern, FINAL WARNING: Your computer has been infected with 47 viruses! Download our security software immediately to protect your data. Click here for a FREE emergency scan right now! No credit card required.",spam
"Dear Lucky One, Amazing anti-aging cream turns back the clock 20 years!!! Dermatologists hate this one simple trick. Order now and get 50% off plus free shipping!!!",spam
"Hi there, Hey, just finished reading that book you recommended. It was fantastic! The plot twist at the end completely caught me off guard. Any other recommendations? Talk soon,",ham
"Hey, Hey! How are you doing? It's been a while since we caught up. Want to grab coffee this weekend? Let me know what works for you. Thanks,",ham
"Hey, Hey, did you see the game last night? What an incredible comeback! That last-minute goal was unbelievable. We should watch the next match together at the sports bar. Don't hesitate to reach out. Thanks,",ham
"Dear Lucky One, Dear Winner, we are pleased to inform you that your email won $750,000 in our annual draw. Send us your personal details to process the payment. This is a one-time opportunity, don't let it slip away!",spam
"Dear team, Hi all, we're organizing a team building event next Thursday. It'll be an escape room challenge followed by dinner. Please RSVP by Wednesday so I can finalize the reservation. Thanks,",ham
"Hello, Your PayPal account has been limited due to suspicious activity. Please log in through the secure link below to restore full access. Ignoring this notice will result in permanent account closure. Doctor recommended. Click here now!",spam
"HELLO, SECRET INVESTMENT STRATEGY REVEALED!!! WALL STREET INSIDERS DON'T WANT YOU TO KNOW THIS. TURN $100 INTO $50,000 IN JUST 30 DAYS. CLICK HERE TO LEARN THE METHOD THAT'S MAKING ORDINARY PEOPLE RICH!!! CALL OUR TOLL-FREE NUMBER NOW. DON'T WAIT!!!",spam
"Hello, Get bigger muscles in just 7 days with our new supplement! Used by professional athletes worldwide. Buy 2 bottles get 1 FREE. No side effects guaranteed! Call our toll-free number now. Limited time only!",spam
"Hi there, Hi, I wanted to follow up on our discussion about the new project timeline. I've updated the Gantt chart with the revised milestones. Let me know if the dates work for your team. Don't hesitate to reach out.",ham
"Hey, Dear Professor, I wanted to confirm my attendance for the research seminar next week. I've prepared a brief summary of my findings so far. Would it be possible to schedule a 15-minute slot for my presentation? Thanks for your time.",ham
"Hi, Reminder: The office will be closed next Monday for the holiday. Please make sure all urgent tasks are completed by Friday. Enjoy the long weekend! Hope this helps. See you soon,",ham
"DEAR FRIEND, YOUR PAYPAL ACCOUNT HAS BEEN LIMITED DUE TO SUSPICIOUS ACTIVITY. PLEASE LOG IN THROUGH THE SECURE LINK BELOW TO RESTORE FULL ACCESS. IGNORING THIS NOTICE WILL RESULT IN PERMANENT ACCOUNT CLOSURE. REPLY ASAP!",spam
"Hey, just finished reading that book you recommended. It was fantastic! The plot twist at the end completely caught me off guard. Any other recommendations? I appreciate your help. Best regards,",ham
"Hello everyone, Hi, I wanted to follow up on our discussion about the new project timeline. I've updated the Gantt chart with the revised milestones. Let me know if the dates work for your team. I appreciate your help. Regards,",ham
"Good morning, Hi, your appointment with Dr. Smith is confirmed for next Monday at 2:30 PM. Please arrive 15 minutes early to complete the paperwork. If you need to reschedule, call us at least 24 hours in advance. See you at the meeting. See you soon,",ham
"Hello everyone, Thank you for your order! Your package has been shipped and is expected to arrive by Thursday. You can track your delivery using the link in your account. If you have any questions, please contact our support team. See you at the meeting. Best,",ham
Hey! How are you doing? It's been a while since we caught up. Want to grab coffee this weekend? Let me know what works for you.,ham
"Hey, Here's your weekly digest of top stories. The tech industry saw major developments with new AI regulations. Read the full articles on our website. Regards,",ham
"Hey, Hey, just finished reading that book you recommended. It was fantastic! The plot twist at the end completely caught me off guard. Any other recommendations? Cheers,",ham
"Hey there, Hey, did you see the game last night? What an incredible comeback! That last-minute goal was unbelievable. We should watch the next match together at the sports bar. Hope this helps. Take care,",ham
"Dear Friend, CRITICAL: Your social security number has been compromised! Call our toll-free number immediately to freeze your credit. Failure to act now could result in identity theft! Hurry!",spam
"Hey there, Hey, thanks for the recipe you sent last week. I tried making it and it turned out great! The kids absolutely loved it. Do you have any other easy dinner ideas?",ham
"Hi there, Dear member, our gym will be undergoing renovations starting next month. The pool area will be closed for two weeks but all other facilities remain open. We apologize for any inconvenience. I appreciate your help. Regards,",ham
"Hello everyone, Hi, I'm writing to confirm our dinner reservation for Friday at 7 PM. The restaurant is at 123 Main Street. They said they can accommodate dietary restrictions, just let them know in advance. Cheers,",ham
"DEAR FRIEND, CONGRATULATIONS! YOU HAVE BEEN SELECTED AS THE WINNER OF OUR INTERNATIONAL LOTTERY. CLICK THE LINK BELOW TO CLAIM YOUR PRIZE OF $1,000,000. THIS OFFER EXPIRES IN 24 HOURS SO ACT FAST! GUARANTEED RESULTS. REPLY ASAP!",spam
"Dear Valued Member, Dear Winner, we are pleased to inform you that your email won $750,000 in our annual draw. Send us your personal details to process the payment. This is a one-time opportunity, don't let it slip away!!! Forward this to 10 friends. Limited time only!!! $!*",spam
"Hello everyone, Hi, just wanted to let you know that the family reunion is confirmed for August 15th. We've booked the lakehouse for the weekend. Please let everyone know and bring your favorite dish! Cheers,",ham
"Good morning, Good news! The community garden project has been approved by the city council. We'll be starting the planting season next month. Volunteers can sign up at the community center. Cheers,",ham
"To Whom It May Concern, CONGRATULATIONS!!! You've been chosen to receive a brand new iPhone 15 Pro Max absolutely FREE!!! Just complete a short survey and provide your shipping address. Hurry, only 10 units left!!! This offer won't last long. Reply ASAP!!!",spam
"DEAR WINNER, CRITICAL: YOUR SOCIAL SECURITY NUMBER HAS BEEN COMPROMISED! CALL OUR TOLL-FREE NUMBER IMMEDIATELY TO FREEZE YOUR CREDIT. FAILURE TO ACT NOW COULD RESULT IN IDENTITY THEFT! 100% GUARANTEED!",spam
"Dear Friend, Your email account will be DELETED in 24 hours unless you verify. Click the verification link below to confirm your identity. This is an automated message from the IT security team. You have been specially selected. Reply ASAP!",spam
"Hello everyone, Hi, just wanted to let you know that the family reunion is confirmed for August 15th. We've booked the lakehouse for the weekend. Please let everyone know and bring your favorite dish! Thanks,",ham
"Hi, Hi, I'm dropping off the kids at school tomorrow morning. Can you pick them up at 3 PM? I have a dentist appointment that I can't reschedule. Talk soon,",ham
"Dear team, Good afternoon. The server migration is scheduled for this Saturday at 2 AM. Expected downtime is approximately 4 hours. I'll send out notifications to all affected users. Feel free to call me. Cheers,",ham
"Good morning, Hi, I'm dropping off the kids at school tomorrow morning. Can you pick them up at 3 PM? I have a dentist appointment that I can't reschedule. Thanks,",ham
"Greetings!!! Congratulations!!! You have been selected as the winner of our international lottery. Click the link below to claim your prize of $1,000,000. This offer expires in 24 hours so act fast!!! As seen on TV. Hurry!!! *$!?",spam
"DEAR LUCKY ONE, URGENT BUSINESS PROPOSAL: I AM DR. JAMES FROM NIGERIA. I HAVE $15.5 MILLION THAT I NEED TO TRANSFER OUT OF THE COUNTRY. I WILL GIVE YOU 30% OF THE TOTAL IF YOU HELP ME. REPLY FOR DETAILS. YOU HAVE BEEN SPECIALLY SELECTED. ACT IMMEDIATELY!",spam
"Hey there, Hi all, we're organizing a team building event next Thursday. It'll be an escape room challenge followed by dinner. Please RSVP by Wednesday so I can finalize the reservation. Take care,",ham
"Greetings! BREAKTHROUGH: Scientists discover miracle cure for baldness! Regrow a full head of hair in just 2 weeks. Order your FREE trial bottle today, just pay shipping! 100% guaranteed!",spam
"Hey, Hi class, the assignment deadline has been extended to next Wednesday. Please make sure to include proper citations and references. Office hours are available on Monday if you need help. Regards,",ham
"Hello, Hey, just finished reading that book you recommended. It was fantastic! The plot twist at the end completely caught me off guard. Any other recommendations? Regards,",ham
"Hey, Hi, I'm writing to confirm our dinner reservation for Friday at 7 PM. The restaurant is at 123 Main Street. They said they can accommodate dietary restrictions, just let them know in advance. Thanks,",ham
"Dear team, Hi, just wanted to let you know that the family reunion is confirmed for August 15th. We've booked the lakehouse for the weekend. Please let everyone know and bring your favorite dish! I appreciate your help. See you soon,",ham
"Dear Lucky One, Secret investment strategy revealed! Wall Street insiders don't want you to know this. Turn $100 into $50,000 in just 30 days. Click here to learn the method that's making ordinary people rich! Forward this to 10 friends. Limited time only!",spam
"Hello, Hey, just finished reading that book you recommended. It was fantastic! The plot twist at the end completely caught me off guard. Any other recommendations?",ham
"Greetings! URGENT: Your email has been randomly selected for a cash prize of $500,000. To claim your winnings, reply with your full name, address, and bank details immediately. Do not share this email with anyone. Act immediately!",spam
"Hey there, Dear member, our gym will be undergoing renovations starting next month. The pool area will be closed for two weeks but all other facilities remain open. We apologize for any inconvenience. Let me know your thoughts.",ham
"Hello, Get bigger muscles in just 7 days with our new supplement! Used by professional athletes worldwide. Buy 2 bottles get 1 FREE. No side effects guaranteed! This is not a joke!",spam
"DEAR FRIEND, YOUR PAYPAL ACCOUNT HAS BEEN LIMITED DUE TO SUSPICIOUS ACTIVITY. PLEASE LOG IN THROUGH THE SECURE LINK BELOW TO RESTORE FULL ACCESS. IGNORING THIS NOTICE WILL RESULT IN PERMANENT ACCOUNT CLOSURE. CALL OUR TOLL-FREE NUMBER NOW.",spam
"Hi there, Hey! How are you doing? It's been a while since we caught up. Want to grab coffee this weekend? Let me know what works for you. Let's discuss this further. Best regards,",ham
"Dear Friend, Secret investment strategy revealed!!! Wall Street insiders don't want you to know this. Turn $100 into $50,000 in just 30 days. Click here to learn the method that's making ordinary people rich!!! This is NOT spam. Limited time only!!!",spam
"Hello, Hi, I'm writing to confirm our dinner reservation for Friday at 7 PM. The restaurant is at 123 Main Street. They said they can accommodate dietary restrictions, just let them know in advance. Regards,",ham
"Dear Customer, You've been pre-approved for a $50,000 credit line! No credit check required. Apply now by clicking the link below. Limited spots available, first come first served! Hurry!",spam
"Hello, Hi, I'm dropping off the kids at school tomorrow morning. Can you pick them up at 3 PM? I have a dentist appointment that I can't reschedule. Best,",ham
"DEAR LUCKY ONE, DEAR WINNER, WE ARE PLEASED TO INFORM YOU THAT YOUR EMAIL WON $750,000 IN OUR ANNUAL DRAW. SEND US YOUR PERSONAL DETAILS TO PROCESS THE PAYMENT. THIS IS A ONE-TIME OPPORTUNITY, DON'T LET IT SLIP AWAY!!! GUARANTEED RESULTS. CLICK HERE NOW!!!",spam
"Good morning, Hi, the landlord sent an email about the building maintenance schedule. They'll be fixing the elevator on Tuesday and the water will be off for 2 hours on Wednesday. Just wanted to give you a heads up. Looking forward to hearing from you. Best regards,",ham
"DEAR VALUED MEMBER, GET A FREE LAPTOP TODAY! NO PURCHASE NECESSARY. SIMPLY CLICK THE LINK AND ENTER YOUR EMAIL TO QUALIFY. THIS EXCLUSIVE OFFER IS AVAILABLE FOR A LIMITED TIME ONLY. CALL OUR TOLL-FREE NUMBER NOW. THIS IS NOT A JOKE!",spam
"DEAR VALUED MEMBER, EARN PASSIVE INCOME OF $3,000 WEEKLY WITH OUR AUTOMATED FOREX SYSTEM. NO TRADING EXPERIENCE REQUIRED. START WITH JUST $50. JOIN OVER 100,000 SUCCESSFUL TRADERS WORLDWIDE! THIS IS NOT A JOKE!",spam
"Hello everyone, Good morning everyone. The quarterly report is ready for review. I've attached the PDF to this email. Please share your feedback by Friday end of day. Best regards,",ham
"HELLO, YOUR PAYPAL ACCOUNT HAS BEEN LIMITED DUE TO SUSPICIOUS ACTIVITY. PLEASE LOG IN THROUGH THE SECURE LINK BELOW TO RESTORE FULL ACCESS. IGNORING THIS NOTICE WILL RESULT IN PERMANENT ACCOUNT CLOSURE. HURRY!",spam
ALERT: Your bank account has been compromised. Click here immediately to verify your identity and secure your account. Failure to act within 24 hours will result in account suspension. Guaranteed results. 100% guaranteed! $?$,spam
"Hey, I saw the photos from your vacation. Looks like you had an amazing time! Where exactly did you stay? I'd love to plan a similar trip. We should catch up soon and you can tell me all about it. See you soon,",ham
"Dear Customer, Lose weight fast with our revolutionary diet pill!!! Celebrities are raving about this amazing product. Get your 30-day supply FREE. Limited stock available!!! This is not a joke!!!",spam
"Dear team, Hey, do you have the notes from yesterday's lecture? I had to leave early for a doctor's appointment. I'd really appreciate it if you could share them. Take care,",ham
"TO WHOM IT MAY CONCERN, ALERT: YOUR BANK ACCOUNT HAS BEEN COMPROMISED. CLICK HERE IMMEDIATELY TO VERIFY YOUR IDENTITY AND SECURE YOUR ACCOUNT. FAILURE TO ACT WITHIN 24 HOURS WILL RESULT IN ACCOUNT SUSPENSION. GUARANTEED RESULTS. LIMITED TIME ONLY!!!",spam
"Good morning, Hi, I wanted to share this interesting article about sustainable energy. It discusses how solar panel efficiency has improved by 40% in the last decade. Thought you might find it relevant for your research. Best,",ham
"DEAR VALUED MEMBER, EARN PASSIVE INCOME OF $3,000 WEEKLY WITH OUR AUTOMATED FOREX SYSTEM. NO TRADING EXPERIENCE REQUIRED. START WITH JUST $50. JOIN OVER 100,000 SUCCESSFUL TRADERS WORLDWIDE!!! LIMITED TIME ONLY!!!",spam
"DEAR USER, SECRET INVESTMENT STRATEGY REVEALED! WALL STREET INSIDERS DON'T WANT YOU TO KNOW THIS. TURN $100 INTO $50,000 IN JUST 30 DAYS. CLICK HERE TO LEARN THE METHOD THAT'S MAKING ORDINARY PEOPLE RICH! CLICK HERE NOW!",spam
"Dear Customer, Amazing anti-aging cream turns back the clock 20 years! Dermatologists hate this one simple trick. Order now and get 50% off plus free shipping! This is not a joke!",spam
"TO WHOM IT MAY CONCERN, YOUR PAYPAL ACCOUNT HAS BEEN LIMITED DUE TO SUSPICIOUS ACTIVITY. PLEASE LOG IN THROUGH THE SECURE LINK BELOW TO RESTORE FULL ACCESS. IGNORING THIS NOTICE WILL RESULT IN PERMANENT ACCOUNT CLOSURE. NO CREDIT CARD REQUIRED. CLICK HERE NOW!",spam
ATTENTION! CRITICAL: YOUR SOCIAL SECURITY NUMBER HAS BEEN COMPROMISED! CALL OUR TOLL-FREE NUMBER IMMEDIATELY TO FREEZE YOUR CREDIT. FAILURE TO ACT NOW COULD RESULT IN IDENTITY THEFT! DOCTOR RECOMMENDED. ACT IMMEDIATELY!,spam
Get a FREE laptop today! No purchase necessary. Simply click the link and enter your email to qualify. This exclusive offer is available for a limited time only. As seen on TV. 100% guaranteed!,spam
"Hello, CRITICAL: Your social security number has been compromised! Call our toll-free number immediately to freeze your credit. Failure to act now could result in identity theft!",spam
"Hello, Thank you for your order! Your package has been shipped and is expected to arrive by Thursday. You can track your delivery using the link in your account. If you have any questions, please contact our support team. Talk soon,",ham
"Hey there, Hi, just wanted to let you know that the family reunion is confirmed for August 15th. We've booked the lakehouse for the weekend. Please let everyone know and bring your favorite dish! Regards,",ham
"Dear Valued Member, IMPORTANT: Your Netflix subscription payment failed. Update your billing information now to avoid service interruption. Click here to update your payment method securely. Unsubscribe by clicking here.",spam
"DEAR LUCKY ONE, EARN PASSIVE INCOME OF $3,000 WEEKLY WITH OUR AUTOMATED FOREX SYSTEM. NO TRADING EXPERIENCE REQUIRED. START WITH JUST $50. JOIN OVER 100,000 SUCCESSFUL TRADERS WORLDWIDE! BUY NOW PAY LATER. THIS IS NOT A JOKE!",spam
"Hello everyone, Hey, do you have the notes from yesterday's lecture? I had to leave early for a doctor's appointment. I'd really appreciate it if you could share them. See you at the meeting. Take care,",ham
ATTENTION! GET BIGGER MUSCLES IN JUST 7 DAYS WITH OUR NEW SUPPLEMENT! USED BY PROFESSIONAL ATHLETES WORLDWIDE. BUY 2 BOTTLES GET 1 FREE. NO SIDE EFFECTS GUARANTEED! SEND YOUR BANK DETAILS. LIMITED TIME ONLY!,spam
"Hey there, Hey, did you see the game last night? What an incredible comeback! That last-minute goal was unbelievable. We should watch the next match together at the sports bar. Best regards,",ham
Your monthly subscription has been renewed successfully. The charge of $9.99 has been applied to your credit card. You can manage your subscription settings in your account. Let me know your thoughts.,ham
"Hey there, Thank you for your order! Your package has been shipped and is expected to arrive by Thursday. You can track your delivery using the link in your account. If you have any questions, please contact our support team. Have a great day.",ham
"Dear Customer, Exclusive offer just for you!!! Get 90% off on all luxury handbags. This flash sale ends tonight at midnight. Click here to browse our collection and save big!!! This offer won't last long. Hurry!!!",spam
"Hello, Hi team, just a reminder that we have our weekly standup meeting tomorrow at 10 AM. Please prepare your status updates and any blockers you'd like to discuss. See you all in the conference room. Regards,",ham
Attention! FREE trial of our premium weight loss supplement! Lose 30 pounds in 30 days guaranteed or your money back. Order now and pay only shipping and handling. Don't wait!,spam
"Dear team, Hi all, we're organizing a team building event next Thursday. It'll be an escape room challenge followed by dinner. Please RSVP by Wednesday so I can finalize the reservation.",ham
"Hello, Dear Professor, I wanted to confirm my attendance for the research seminar next week. I've prepared a brief summary of my findings so far. Would it be possible to schedule a 15-minute slot for my presentation? Best regards,",ham
"Hello, Hi, I wanted to share this interesting article about sustainable energy. It discusses how solar panel efficiency has improved by 40% in the last decade. Thought you might find it relevant for your research. Talk soon,",ham
"Dear team, Good afternoon. The server migration is scheduled for this Saturday at 2 AM. Expected downtime is approximately 4 hours. I'll send out notifications to all affected users. Take care,",ham
"Hi there, Dear member, our gym will be undergoing renovations starting next month. The pool area will be closed for two weeks but all other facilities remain open. We apologize for any inconvenience. Hope this helps. Best,",ham
"Dear Customer, Congratulations!!! You have been selected as the winner of our international lottery. Click the link below to claim your prize of $1,000,000. This offer expires in 24 hours so act fast!!! Click here now!!!",spam
"ATTENTION! BREAKTHROUGH: SCIENTISTS DISCOVER MIRACLE CURE FOR BALDNESS! REGROW A FULL HEAD OF HAIR IN JUST 2 WEEKS. ORDER YOUR FREE TRIAL BOTTLE TODAY, JUST PAY SHIPPING! CALL OUR TOLL-FREE NUMBER NOW.",spam
FINAL WARNING: YOUR COMPUTER HAS BEEN INFECTED WITH 47 VIRUSES!!! DOWNLOAD OUR SECURITY SOFTWARE IMMEDIATELY TO PROTECT YOUR DATA. CLICK HERE FOR A FREE EMERGENCY SCAN RIGHT NOW!!! GUARANTEED RESULTS. REPLY ASAP!!! $?,spam
"Hey there, Hi, I've completed the code review for the API endpoints. Overall it looks great, just a few minor suggestions in the comments. Nice work on the error handling! Let's discuss this further. See you soon,",ham
"Hello everyone, Good morning everyone. The quarterly report is ready for review. I've attached the PDF to this email. Please share your feedback by Friday end of day. Thanks for your time. Best regards,",ham
"Greetings! CONGRATULATIONS! You've been chosen to receive a brand new iPhone 15 Pro Max absolutely FREE! Just complete a short survey and provide your shipping address. Hurry, only 10 units left! Hurry!",spam
"Dear Lucky One, Buy discount medications online! Up to 80% off on all prescriptions. No prescription needed. Fast discreet shipping worldwide. Order now and get free bonus pills! This is not a joke!",spam
"Hi, Thanks for your help with the client presentation yesterday. The client was really impressed with the demo. They've scheduled a follow-up meeting for next Tuesday. Regards,",ham
"Congratulations!!! You have been selected as the winner of our international lottery. Click the link below to claim your prize of $1,000,000. This offer expires in 24 hours so act fast!!! 100% guaranteed!!!",spam
"Dear member, our gym will be undergoing renovations starting next month. The pool area will be closed for two weeks but all other facilities remain open. We apologize for any inconvenience. Let's discuss this further. Regards,",ham
"Hey there, Hi, just wanted to let you know that the family reunion is confirmed for August 15th. We've booked the lakehouse for the weekend. Please let everyone know and bring your favorite dish! Thanks,",ham
"Greetings! ATTENTION: You have an unclaimed tax refund of $3,247.00! File your claim online within 48 hours or the refund will be forfeited. Click here to submit your banking details for direct deposit. Reply with YES to confirm. Click here now!",spam
"DEAR FRIEND, DEAR WINNER, WE ARE PLEASED TO INFORM YOU THAT YOUR EMAIL WON $750,000 IN OUR ANNUAL DRAW. SEND US YOUR PERSONAL DETAILS TO PROCESS THE PAYMENT. THIS IS A ONE-TIME OPPORTUNITY, DON'T LET IT SLIP AWAY! 100% GUARANTEED!",spam
"Dear Winner, WARNING: Unusual sign-in activity detected on your Microsoft account. Someone tried to access your account from Russia. Click here to change your password and enable two-factor authentication. You have been specially selected. Act immediately!",spam
"Hello everyone, Hey, I saw the photos from your vacation. Looks like you had an amazing time! Where exactly did you stay? I'd love to plan a similar trip. We should catch up soon and you can tell me all about it. Don't hesitate to reach out. Regards,",ham
"Hey there, Hi Mom, I'm doing well. Work has been busy but good. I'm planning to visit next month for the holidays. Can't wait to see everyone! Let me know your thoughts. Best,",ham
"Dear Winner, Dear customer, your Amazon order #38291 has been placed successfully. If you did not make this purchase of $899.99, click here to cancel immediately. Your account security is our top priority. Don't wait! $!",spam
"Dear Valued Member, Make $5,000 per day working from home! No experience needed. Our proven system guarantees results in just 7 days. Join thousands of successful members today! Don't wait!",spam
"Dear User, Dear Winner, we are pleased to inform you that your email won $750,000 in our annual draw. Send us your personal details to process the payment. This is a one-time opportunity, don't let it slip away!!! Don't wait!!!",spam
"Hello, Hi, I've completed the code review for the API endpoints. Overall it looks great, just a few minor suggestions in the comments. Nice work on the error handling! Best regards,",ham
"You've been pre-approved for a $50,000 credit line! No credit check required. Apply now by clicking the link below. Limited spots available, first come first served! This offer won't last long. Hurry!",spam
"Dear Friend, CRITICAL: Your social security number has been compromised!!! Call our toll-free number immediately to freeze your credit. Failure to act now could result in identity theft!!! Forward this to 10 friends. Act immediately!!!",spam
"Hello, Hi, I wanted to follow up on our discussion about the new project timeline. I've updated the Gantt chart with the revised milestones. Let me know if the dates work for your team. Let's discuss this further. Take care,",ham
"Dear User, IMPORTANT: Your Netflix subscription payment failed. Update your billing information now to avoid service interruption. Click here to update your payment method securely. Forward this to 10 friends. Click here now!",spam
"Hi there, Your monthly subscription has been renewed successfully. The charge of $9.99 has been applied to your credit card. You can manage your subscription settings in your account. Best regards,",ham
"Dear Friend, CRITICAL: Your social security number has been compromised! Call our toll-free number immediately to freeze your credit. Failure to act now could result in identity theft! This offer won't last long. This is not a joke! $$**?",spam
"Dear Customer, IMPORTANT: Your Netflix subscription payment failed. Update your billing information now to avoid service interruption. Click here to update your payment method securely. Wire transfer only.",spam
"Dear Lucky One, IMPORTANT: Your Netflix subscription payment failed. Update your billing information now to avoid service interruption. Click here to update your payment method securely. This is not a joke!!!",spam
"Hi, Your monthly subscription has been renewed successfully. The charge of $9.99 has been applied to your credit card. You can manage your subscription settings in your account. Thanks for your time. Thanks,",ham
"Hi Mom, I'm doing well. Work has been busy but good. I'm planning to visit next month for the holidays. Can't wait to see everyone! Thanks for your time. Take care,",ham
"Hi Mom, I'm doing well. Work has been busy but good. I'm planning to visit next month for the holidays. Can't wait to see everyone! Feel free to call me. Best regards,",ham
Attention! Exclusive offer just for you! Get 90% off on all luxury handbags. This flash sale ends tonight at midnight. Click here to browse our collection and save big! This is NOT spam. Don't wait!,spam
"Hey, Hi team, just a reminder that we have our weekly standup meeting tomorrow at 10 AM. Please prepare your status updates and any blockers you'd like to discuss. See you all in the conference room.",ham
"Dear team, Here's your weekly digest of top stories. The tech industry saw major developments with new AI regulations. Read the full articles on our website. Talk soon,",ham
"Hello everyone, Hi class, the assignment deadline has been extended to next Wednesday. Please make sure to include proper citations and references. Office hours are available on Monday if you need help. Regards,",ham
"Dear Customer, Last chance!!! Your exclusive membership discount expires in 1 hour. Save 95% on premium software licenses today only. This deal will NOT be repeated. Act now or regret forever!!! This is not a joke!!! $$?!",spam
"To Whom It May Concern, ALERT: Your bank account has been compromised. Click here immediately to verify your identity and secure your account. Failure to act within 24 hours will result in account suspension. This is NOT spam. Act immediately!",spam
"Good morning, Thanks for your help with the client presentation yesterday. The client was really impressed with the demo. They've scheduled a follow-up meeting for next Tuesday. Feel free to call me.",ham
"Hi there, Thank you for your order! Your package has been shipped and is expected to arrive by Thursday. You can track your delivery using the link in your account. If you have any questions, please contact our support team. Looking forward to hearing from you. See you soon,",ham
"Dear Lucky One, Dear Winner, we are pleased to inform you that your email won $750,000 in our annual draw. Send us your personal details to process the payment. This is a one-time opportunity, don't let it slip away! Don't wait!",spam
"Dear Winner, WARNING: Unusual sign-in activity detected on your Microsoft account. Someone tried to access your account from Russia. Click here to change your password and enable two-factor authentication. Forward this to 10 friends. Act immediately!",spam
"Hi, Hi, the landlord sent an email about the building maintenance schedule. They'll be fixing the elevator on Tuesday and the water will be off for 2 hours on Wednesday. Just wanted to give you a heads up. See you at the meeting. Best,",ham
"Hi there, Hi, I wanted to follow up on our discussion about the new project timeline. I've updated the Gantt chart with the revised milestones. Let me know if the dates work for your team. Best,",ham
"Hello, Hey, thanks for the recipe you sent last week. I tried making it and it turned out great! The kids absolutely loved it. Do you have any other easy dinner ideas? Talk soon,",ham
"Hey, Hey, did you see the game last night? What an incredible comeback! That last-minute goal was unbelievable. We should watch the next match together at the sports bar. Looking forward to hearing from you. Cheers,",ham
"Hi there, Hi, I'm writing to confirm our dinner reservation for Friday at 7 PM. The restaurant is at 123 Main Street. They said they can accommodate dietary restrictions, just let them know in advance. Cheers,",ham
"Hello everyone, Hey, I've pushed the latest changes to the feature branch. Could you please review the pull request when you get a chance? The main updates are in the authentication module. Cheers,",ham
Exclusive offer just for you! Get 90% off on all luxury handbags. This flash sale ends tonight at midnight. Click here to browse our collection and save big! This is not a joke!,spam
"Dear Lucky One, IMPORTANT: Your Netflix subscription payment failed. Update your billing information now to avoid service interruption. Click here to update your payment method securely. Risk-free trial. Reply ASAP!",spam
"Hey, Hi, just wanted to let you know that the family reunion is confirmed for August 15th. We've booked the lakehouse for the weekend. Please let everyone know and bring your favorite dish! Hope this helps. Cheers,",ham
"To Whom It May Concern, Last chance! Your exclusive membership discount expires in 1 hour. Save 95% on premium software licenses today only. This deal will NOT be repeated. Act now or regret forever! You have been specially selected. Limited time only!",spam
"Hey there, Here's your weekly digest of top stories. The tech industry saw major developments with new AI regulations. Read the full articles on our website. Cheers,",ham
"Dear Winner, URGENT: Your email has been randomly selected for a cash prize of $500,000. To claim your winnings, reply with your full name, address, and bank details immediately. Do not share this email with anyone. Wire transfer only. Don't wait!!! ?$?!$",spam
"Dear User, Your email account will be DELETED in 24 hours unless you verify. Click the verification link below to confirm your identity. This is an automated message from the IT security team. Act immediately!",spam
"DEAR USER, IMPORTANT: YOUR NETFLIX SUBSCRIPTION PAYMENT FAILED. UPDATE YOUR BILLING INFORMATION NOW TO AVOID SERVICE INTERRUPTION. CLICK HERE TO UPDATE YOUR PAYMENT METHOD SECURELY. SEND YOUR BANK DETAILS. THIS IS NOT A JOKE!",spam
"Hi, Hi, I wanted to follow up on our discussion about the new project timeline. I've updated the Gantt chart with the revised milestones. Let me know if the dates work for your team. Regards,",ham
"HELLO, DEAR CUSTOMER, YOUR AMAZON ORDER #38291 HAS BEEN PLACED SUCCESSFULLY. IF YOU DID NOT MAKE THIS PURCHASE OF $899.99, CLICK HERE TO CANCEL IMMEDIATELY. YOUR ACCOUNT SECURITY IS OUR TOP PRIORITY. DON'T WAIT!",spam
"Dear Winner, CONGRATULATIONS!!! You've been chosen to receive a brand new iPhone 15 Pro Max absolutely FREE!!! Just complete a short survey and provide your shipping address. Hurry, only 10 units left!!! Hurry!!!",spam
"Hello everyone, Hi class, the assignment deadline has been extended to next Wednesday. Please make sure to include proper citations and references. Office hours are available on Monday if you need help. Let's discuss this further. Talk soon,",ham
"To Whom It May Concern, Congratulations! You have been selected as the winner of our international lottery. Click the link below to claim your prize of $1,000,000. This offer expires in 24 hours so act fast! No credit card required. Click here now!",spam
"Hey there, Reminder: The office will be closed next Monday for the holiday. Please make sure all urgent tasks are completed by Friday. Enjoy the long weekend! See you at the meeting. Best,",ham
"Dear Lucky One, FINAL WARNING: Your computer has been infected with 47 viruses! Download our security software immediately to protect your data. Click here for a FREE emergency scan right now! Click here now!",spam
"To Whom It May Concern, Secret investment strategy revealed! Wall Street insiders don't want you to know this. Turn $100 into $50,000 in just 30 days. Click here to learn the method that's making ordinary people rich! This is not a joke!",spam
"Dear User, IMPORTANT: Your Netflix subscription payment failed. Update your billing information now to avoid service interruption. Click here to update your payment method securely. Reply with YES to confirm. This is not a joke!",spam
"Hi there, Hey! How are you doing? It's been a while since we caught up. Want to grab coffee this weekend? Let me know what works for you. Best regards,",ham
"Hey, Hi team, just a reminder that we have our weekly standup meeting tomorrow at 10 AM. Please prepare your status updates and any blockers you'd like to discuss. See you all in the conference room. Have a great day.",ham
"Hi class, the assignment deadline has been extended to next Wednesday. Please make sure to include proper citations and references. Office hours are available on Monday if you need help. Let me know your thoughts. Regards,",ham
"Dear Valued Member, IMPORTANT: Your Netflix subscription payment failed. Update your billing information now to avoid service interruption. Click here to update your payment method securely. Guaranteed results. This is not a joke!",spam
"GREETINGS!!! YOU'VE BEEN PRE-APPROVED FOR A $50,000 CREDIT LINE!!! NO CREDIT CHECK REQUIRED. APPLY NOW BY CLICKING THE LINK BELOW. LIMITED SPOTS AVAILABLE, FIRST COME FIRST SERVED!!! WIRE TRANSFER ONLY. DON'T WAIT!!!",spam
"Dear Valued Member, AMAZING DEAL: Buy one get three FREE on all designer watches! Use code FREESHIP for free worldwide shipping. Shop now before stocks run out! Act immediately! !!",spam
"HELLO, ATTENTION: YOU HAVE AN UNCLAIMED TAX REFUND OF $3,247.00!!! FILE YOUR CLAIM ONLINE WITHIN 48 HOURS OR THE REFUND WILL BE FORFEITED. CLICK HERE TO SUBMIT YOUR BANKING DETAILS FOR DIRECT DEPOSIT. THIS OFFER WON'T LAST LONG. LIMITED TIME ONLY!!!",spam
"Hey there, Good morning everyone. The quarterly report is ready for review. I've attached the PDF to this email. Please share your feedback by Friday end of day. Don't hesitate to reach out. Best,",ham
"Hey there, Reminder: The office will be closed next Monday for the holiday. Please make sure all urgent tasks are completed by Friday. Enjoy the long weekend! Don't hesitate to reach out. Best,",ham
"Dear Lucky One, ALERT: Your bank account has been compromised. Click here immediately to verify your identity and secure your account. Failure to act within 24 hours will result in account suspension. As seen on TV. Act immediately!",spam
"Dear team, Good morning, I just wanted to thank you for helping me move last weekend. I really couldn't have done it without your help. Let me buy you lunch to say thanks. Feel free to call me. Thanks,",ham
"Dear Customer, Your email account will be DELETED in 24 hours unless you verify. Click the verification link below to confirm your identity. This is an automated message from the IT security team. Risk-free trial. Reply ASAP!",spam
"DEAR USER, URGENT BUSINESS PROPOSAL: I AM DR. JAMES FROM NIGERIA. I HAVE $15.5 MILLION THAT I NEED TO TRANSFER OUT OF THE COUNTRY. I WILL GIVE YOU 30% OF THE TOTAL IF YOU HELP ME. REPLY FOR DETAILS.",spam
"Hello, Hey, I found that old photo album we were looking for. There are some really great pictures from our college days in there. I'll bring it over when I visit next time. Looking forward to hearing from you. Best regards,",ham
"To Whom It May Concern, URGENT: Your email has been randomly selected for a cash prize of $500,000. To claim your winnings, reply with your full name, address, and bank details immediately. Do not share this email with anyone. Act immediately!",spam
"Hey there, Hey, I've pushed the latest changes to the feature branch. Could you please review the pull request when you get a chance? The main updates are in the authentication module. Feel free to call me. Talk soon,",ham
"Hello, Happy birthday! Hope you have an amazing day filled with joy and happiness. Wishing you all the best for the year ahead. Let's celebrate this weekend! See you at the meeting. Best regards,",ham
"Hello, Hey, I've pushed the latest changes to the feature branch. Could you please review the pull request when you get a chance? The main updates are in the authentication module. Let's discuss this further. Talk soon,",ham
"DEAR VALUED MEMBER, DEAR WINNER, WE ARE PLEASED TO INFORM YOU THAT YOUR EMAIL WON $750,000 IN OUR ANNUAL DRAW. SEND US YOUR PERSONAL DETAILS TO PROCESS THE PAYMENT. THIS IS A ONE-TIME OPPORTUNITY, DON'T LET IT SLIP AWAY!!! REPLY WITH YES TO CONFIRM. REPLY ASAP!!!",spam
"Hello, Hi class, the assignment deadline has been extended to next Wednesday. Please make sure to include proper citations and references. Office hours are available on Monday if you need help. Have a great day. Cheers,",ham
"Good morning, Hi, the landlord sent an email about the building maintenance schedule. They'll be fixing the elevator on Tuesday and the water will be off for 2 hours on Wednesday. Just wanted to give you a heads up. Best,",ham
"Dear Valued Member, FREE trial of our premium weight loss supplement! Lose 30 pounds in 30 days guaranteed or your money back. Order now and pay only shipping and handling. As seen on TV. Reply ASAP!",spam
"Hi, Hi team, just a reminder that we have our weekly standup meeting tomorrow at 10 AM. Please prepare your status updates and any blockers you'd like to discuss. See you all in the conference room. Cheers,",ham
"GREETINGS!!! YOU ARE THE LUCKY WINNER OF OUR WEEKLY SWEEPSTAKES!!! A SUM OF $250,000 HAS BEEN ALLOCATED TO YOUR NAME. CLICK HERE TO VERIFY YOUR IDENTITY AND RECEIVE YOUR FUNDS WITHIN 48 HOURS. CLICK HERE NOW!!!",spam
"Dear Customer, BREAKTHROUGH: Scientists discover miracle cure for baldness! Regrow a full head of hair in just 2 weeks. Order your FREE trial bottle today, just pay shipping! $??",spam
"Dear Valued Member, CONGRATULATIONS! You've been chosen to receive a brand new iPhone 15 Pro Max absolutely FREE! Just complete a short survey and provide your shipping address. Hurry, only 10 units left! Send your bank details. Act immediately! $!?",spam
"Hello, Happy birthday! Hope you have an amazing day filled with joy and happiness. Wishing you all the best for the year ahead. Let's celebrate this weekend! Have a great day. See you soon,",ham
Attention! AMAZING DEAL: Buy one get three FREE on all designer watches! Use code FREESHIP for free worldwide shipping. Shop now before stocks run out! Reply ASAP!,spam
"Hey, Hey, do you have the notes from yesterday's lecture? I had to leave early for a doctor's appointment. I'd really appreciate it if you could share them. I appreciate your help. Talk soon,",ham
"To Whom It May Concern, Get a FREE laptop today! No purchase necessary. Simply click the link and enter your email to qualify. This exclusive offer is available for a limited time only. Call our toll-free number now. Reply ASAP!",spam
"DEAR USER, CONGRATULATIONS! YOU HAVE BEEN SELECTED AS THE WINNER OF OUR INTERNATIONAL LOTTERY. CLICK THE LINK BELOW TO CLAIM YOUR PRIZE OF $1,000,000. THIS OFFER EXPIRES IN 24 HOURS SO ACT FAST! LIMITED TIME ONLY!",spam
"Dear team, Hi Mom, I'm doing well. Work has been busy but good. I'm planning to visit next month for the holidays. Can't wait to see everyone! Let me know your thoughts. Take care,",ham
"Hello everyone, Happy birthday! Hope you have an amazing day filled with joy and happiness. Wishing you all the best for the year ahead. Let's celebrate this weekend! Thanks for your time. Cheers,",ham
"Hey, Hi, I'm writing to confirm our dinner reservation for Friday at 7 PM. The restaurant is at 123 Main Street. They said they can accommodate dietary restrictions, just let them know in advance. Best regards,",ham
"Hey, Hi, I'm writing to confirm our dinner reservation for Friday at 7 PM. The restaurant is at 123 Main Street. They said they can accommodate dietary restrictions, just let them know in advance. Thanks,",ham
"Hello, Hey, I found that old photo album we were looking for. There are some really great pictures from our college days in there. I'll bring it over when I visit next time. Thanks for your time. See you soon,",ham
"Hello, Get a FREE laptop today! No purchase necessary. Simply click the link and enter your email to qualify. This exclusive offer is available for a limited time only. Reply ASAP!",spam
"Hi, Good morning everyone. The quarterly report is ready for review. I've attached the PDF to this email. Please share your feedback by Friday end of day. Regards,",ham
"Hey there, Hi team, just a reminder that we have our weekly standup meeting tomorrow at 10 AM. Please prepare your status updates and any blockers you'd like to discuss. See you all in the conference room. Talk soon,",ham
"Hi, Hi Mom, I'm doing well. Work has been busy but good. I'm planning to visit next month for the holidays. Can't wait to see everyone! Regards,",ham
"To Whom It May Concern, Amazing anti-aging cream turns back the clock 20 years! Dermatologists hate this one simple trick. Order now and get 50% off plus free shipping!",spam
"Hey, Hey, did you see the game last night? What an incredible comeback! That last-minute goal was unbelievable. We should watch the next match together at the sports bar. Don't hesitate to reach out. Talk soon,",ham
"Dear User, Get a FREE laptop today! No purchase necessary. Simply click the link and enter your email to qualify. This exclusive offer is available for a limited time only. This offer won't last long. Act immediately!",spam
"Hi, Hey, I noticed a bug in the payment processing module. When users enter an invalid card number, the error message doesn't display correctly. I've created a ticket for it. Can you take a look? Regards,",ham
"Dear Winner, WARNING: Unusual sign-in activity detected on your Microsoft account. Someone tried to access your account from Russia. Click here to change your password and enable two-factor authentication. Wire transfer only. 100% guaranteed!!!",spam
"Hey, Hi, the landlord sent an email about the building maintenance schedule. They'll be fixing the elevator on Tuesday and the water will be off for 2 hours on Wednesday. Just wanted to give you a heads up. Talk soon,",ham
"Hey, Hi team, just a reminder that we have our weekly standup meeting tomorrow at 10 AM. Please prepare your status updates and any blockers you'd like to discuss. See you all in the conference room.",ham
"Good morning, Good morning, I just wanted to thank you for helping me move last weekend. I really couldn't have done it without your help. Let me buy you lunch to say thanks. See you soon,",ham
"Dear Customer, URGENT: Your email has been randomly selected for a cash prize of $500,000. To claim your winnings, reply with your full name, address, and bank details immediately. Do not share this email with anyone. Call our toll-free number now. Limited time only!",spam
"Hey, Hi Mom, I'm doing well. Work has been busy but good. I'm planning to visit next month for the holidays. Can't wait to see everyone! Thanks for your time. Cheers,",ham
"To Whom It May Concern, Get a FREE laptop today! No purchase necessary. Simply click the link and enter your email to qualify. This exclusive offer is available for a limited time only. Act immediately! *$$!",spam
"Good morning, Hi, just wanted to let you know that the family reunion is confirmed for August 15th. We've booked the lakehouse for the weekend. Please let everyone know and bring your favorite dish! Looking forward to hearing from you. Talk soon,",ham
"Good morning, Hi, I'm dropping off the kids at school tomorrow morning. Can you pick them up at 3 PM? I have a dentist appointment that I can't reschedule. Best,",ham
"Hey there, Hi team, just a reminder that we have our weekly standup meeting tomorrow at 10 AM. Please prepare your status updates and any blockers you'd like to discuss. See you all in the conference room. Let me know your thoughts. Best regards,",ham
"Dear Winner, IMPORTANT: Your Netflix subscription payment failed. Update your billing information now to avoid service interruption. Click here to update your payment method securely. Act immediately!",spam
"To Whom It May Concern, AMAZING DEAL: Buy one get three FREE on all designer watches!!! Use code FREESHIP for free worldwide shipping. Shop now before stocks run out!!! Call our toll-free number now.",spam
"Hey, Hey, just finished reading that book you recommended. It was fantastic! The plot twist at the end completely caught me off guard. Any other recommendations? Have a great day. Cheers,",ham
"Hi there, Good news! The community garden project has been approved by the city council. We'll be starting the planting season next month. Volunteers can sign up at the community center.",ham
"Dear Customer, Your email account will be DELETED in 24 hours unless you verify. Click the verification link below to confirm your identity. This is an automated message from the IT security team. Send your bank details. 100% guaranteed!!!",spam
"Hey, Hi, just wanted to let you know that the family reunion is confirmed for August 15th. We've booked the lakehouse for the weekend. Please let everyone know and bring your favorite dish! See you at the meeting. Take care,",ham
"Hi there, Hey, I found that old photo album we were looking for. There are some really great pictures from our college days in there. I'll bring it over when I visit next time. Let me know your thoughts. Take care,",ham
"Hey there, Hey! How are you doing? It's been a while since we caught up. Want to grab coffee this weekend? Let me know what works for you. See you soon,",ham
"Hi, Hi, I've completed the code review for the API endpoints. Overall it looks great, just a few minor suggestions in the comments. Nice work on the error handling! Let's discuss this further. Thanks,",ham
"DEAR FRIEND, GET A FREE LAPTOP TODAY! NO PURCHASE NECESSARY. SIMPLY CLICK THE LINK AND ENTER YOUR EMAIL TO QUALIFY. THIS EXCLUSIVE OFFER IS AVAILABLE FOR A LIMITED TIME ONLY. NO CREDIT CARD REQUIRED. LIMITED TIME ONLY!",spam
"To Whom It May Concern, Dear customer, your Amazon order #38291 has been placed successfully. If you did not make this purchase of $899.99, click here to cancel immediately. Your account security is our top priority. Risk-free trial. Reply ASAP!",spam
"Reminder: The office will be closed next Monday for the holiday. Please make sure all urgent tasks are completed by Friday. Enjoy the long weekend! Talk soon,",ham
"Hi, Hi all, we're organizing a team building event next Thursday. It'll be an escape room challenge followed by dinner. Please RSVP by Wednesday so I can finalize the reservation. See you at the meeting.",ham
"Hello, Hi, I'm writing to confirm our dinner reservation for Friday at 7 PM. The restaurant is at 123 Main Street. They said they can accommodate dietary restrictions, just let them know in advance. Best regards,",ham
"Good morning, Hey! How are you doing? It's been a while since we caught up. Want to grab coffee this weekend? Let me know what works for you.",ham
"Hello everyone, Good news! The community garden project has been approved by the city council. We'll be starting the planting season next month. Volunteers can sign up at the community center. Don't hesitate to reach out. Talk soon,",ham
"Hello, Hey! How are you doing? It's been a while since we caught up. Want to grab coffee this weekend? Let me know what works for you. Looking forward to hearing from you. Regards,",ham
"Dear team, Happy birthday! Hope you have an amazing day filled with joy and happiness. Wishing you all the best for the year ahead. Let's celebrate this weekend! Feel free to call me.",ham
"Good morning, Here's your weekly digest of top stories. The tech industry saw major developments with new AI regulations. Read the full articles on our website. Don't hesitate to reach out. Regards,",ham
"DEAR WINNER, YOU ARE THE LUCKY WINNER OF OUR WEEKLY SWEEPSTAKES! A SUM OF $250,000 HAS BEEN ALLOCATED TO YOUR NAME. CLICK HERE TO VERIFY YOUR IDENTITY AND RECEIVE YOUR FUNDS WITHIN 48 HOURS. HURRY!",spam
"Hello, Hi, I wanted to follow up on our discussion about the new project timeline. I've updated the Gantt chart with the revised milestones. Let me know if the dates work for your team. Cheers,",ham
"Hello everyone, Hi, your appointment with Dr. Smith is confirmed for next Monday at 2:30 PM. Please arrive 15 minutes early to complete the paperwork. If you need to reschedule, call us at least 24 hours in advance. I appreciate your help.",ham
"DEAR USER, WARNING: UNUSUAL SIGN-IN ACTIVITY DETECTED ON YOUR MICROSOFT ACCOUNT. SOMEONE TRIED TO ACCESS YOUR ACCOUNT FROM RUSSIA. CLICK HERE TO CHANGE YOUR PASSWORD AND ENABLE TWO-FACTOR AUTHENTICATION. RISK-FREE TRIAL. HURRY!",spam
"Hello, Hi team, just a reminder that we have our weekly standup meeting tomorrow at 10 AM. Please prepare your status updates and any blockers you'd like to discuss. See you all in the conference room. Let me know your thoughts. Take care,",ham
"Dear team, Hi class, the assignment deadline has been extended to next Wednesday. Please make sure to include proper citations and references. Office hours are available on Monday if you need help. Best,",ham
"DEAR CUSTOMER, BREAKTHROUGH: SCIENTISTS DISCOVER MIRACLE CURE FOR BALDNESS! REGROW A FULL HEAD OF HAIR IN JUST 2 WEEKS. ORDER YOUR FREE TRIAL BOTTLE TODAY, JUST PAY SHIPPING! 100% GUARANTEED!",spam
"TO WHOM IT MAY CONCERN, AMAZING DEAL: BUY ONE GET THREE FREE ON ALL DESIGNER WATCHES!!! USE CODE FREESHIP FOR FREE WORLDWIDE SHIPPING. SHOP NOW BEFORE STOCKS RUN OUT!!! ??$?",spam
"Dear User, Lose weight fast with our revolutionary diet pill! Celebrities are raving about this amazing product. Get your 30-day supply FREE. Limited stock available! Reply ASAP!",spam
"Hey, I found that old photo album we were looking for. There are some really great pictures from our college days in there. I'll bring it over when I visit next time. Talk soon,",ham
Attention!!! Amazing anti-aging cream turns back the clock 20 years!!! Dermatologists hate this one simple trick. Order now and get 50% off plus free shipping!!! Forward this to 10 friends.,spam
"Hi there, Here's your weekly digest of top stories. The tech industry saw major developments with new AI regulations. Read the full articles on our website. Let's discuss this further. Cheers,",ham
"Hi there, Hi, I wanted to follow up on our discussion about the new project timeline. I've updated the Gantt chart with the revised milestones. Let me know if the dates work for your team. I appreciate your help. Talk soon,",ham
"Hi, Dear member, our gym will be undergoing renovations starting next month. The pool area will be closed for two weeks but all other facilities remain open. We apologize for any inconvenience. Don't hesitate to reach out. See you soon,",ham
"Dear Friend, WARNING: Unusual sign-in activity detected on your Microsoft account. Someone tried to access your account from Russia. Click here to change your password and enable two-factor authentication. Doctor recommended. Act immediately!",spam
Greetings! Last chance! Your exclusive membership discount expires in 1 hour. Save 95% on premium software licenses today only. This deal will NOT be repeated. Act now or regret forever! Reply with YES to confirm. Reply ASAP!,spam
"Hello everyone, Hi, I wanted to share this interesting article about sustainable energy. It discusses how solar panel efficiency has improved by 40% in the last decade. Thought you might find it relevant for your research. Don't hesitate to reach out. Talk soon,",ham
"Dear Valued Member, URGENT: Your email has been randomly selected for a cash prize of $500,000. To claim your winnings, reply with your full name, address, and bank details immediately. Do not share this email with anyone. Reply ASAP!",spam
"Hi, Hey, I saw the photos from your vacation. Looks like you had an amazing time! Where exactly did you stay? I'd love to plan a similar trip. We should catch up soon and you can tell me all about it.",ham
"Hello everyone, Here's your weekly digest of top stories. The tech industry saw major developments with new AI regulations. Read the full articles on our website. See you soon,",ham
"Hi there, Good afternoon. The server migration is scheduled for this Saturday at 2 AM. Expected downtime is approximately 4 hours. I'll send out notifications to all affected users. I appreciate your help. Regards,",ham
"Hey, Hi, your appointment with Dr. Smith is confirmed for next Monday at 2:30 PM. Please arrive 15 minutes early to complete the paperwork. If you need to reschedule, call us at least 24 hours in advance. Thanks for your time.",ham
"Hey there, Hey, I found that old photo album we were looking for. There are some really great pictures from our college days in there. I'll bring it over when I visit next time. Best,",ham
"Dear team, Hey, do you have the notes from yesterday's lecture? I had to leave early for a doctor's appointment. I'd really appreciate it if you could share them. Cheers,",ham
"Dear Winner, we are pleased to inform you that your email won $750,000 in our annual draw. Send us your personal details to process the payment. This is a one-time opportunity, don't let it slip away! Forward this to 10 friends. Click here now!",spam
"Hi there, Dear Professor, I wanted to confirm my attendance for the research seminar next week. I've prepared a brief summary of my findings so far. Would it be possible to schedule a 15-minute slot for my presentation? See you soon,",ham
"Good morning, Hi all, we're organizing a team building event next Thursday. It'll be an escape room challenge followed by dinner. Please RSVP by Wednesday so I can finalize the reservation. Have a great day. Talk soon,",ham
"DEAR VALUED MEMBER, YOUR PAYPAL ACCOUNT HAS BEEN LIMITED DUE TO SUSPICIOUS ACTIVITY. PLEASE LOG IN THROUGH THE SECURE LINK BELOW TO RESTORE FULL ACCESS. IGNORING THIS NOTICE WILL RESULT IN PERMANENT ACCOUNT CLOSURE. GUARANTEED RESULTS. 100% GUARANTEED!",spam
"Good morning, Good morning everyone. The quarterly report is ready for review. I've attached the PDF to this email. Please share your feedback by Friday end of day. Let me know your thoughts. Best regards,",ham
"Dear Valued Member, Dear customer, your Amazon order #38291 has been placed successfully. If you did not make this purchase of $899.99, click here to cancel immediately. Your account security is our top priority. As seen on TV. Don't wait! *?**",spam
"Hey there, Happy birthday! Hope you have an amazing day filled with joy and happiness. Wishing you all the best for the year ahead. Let's celebrate this weekend! Regards,",ham
"Dear team, Good news! The community garden project has been approved by the city council. We'll be starting the planting season next month. Volunteers can sign up at the community center.",ham
"DEAR WINNER, LAST CHANCE! YOUR EXCLUSIVE MEMBERSHIP DISCOUNT EXPIRES IN 1 HOUR. SAVE 95% ON PREMIUM SOFTWARE LICENSES TODAY ONLY. THIS DEAL WILL NOT BE REPEATED. ACT NOW OR REGRET FOREVER! CALL OUR TOLL-FREE NUMBER NOW. HURRY!",spam
"Good morning, Thanks for your help with the client presentation yesterday. The client was really impressed with the demo. They've scheduled a follow-up meeting for next Tuesday. Thanks,",ham
"Dear User, ATTENTION: You have an unclaimed tax refund of $3,247.00! File your claim online within 48 hours or the refund will be forfeited. Click here to submit your banking details for direct deposit. Doctor recommended. Click here now!",spam
"Hey there, Hey, I saw the photos from your vacation. Looks like you had an amazing time! Where exactly did you stay? I'd love to plan a similar trip. We should catch up soon and you can tell me all about it. Feel free to call me. Regards,",ham
"Greetings!!! Dear Winner, we are pleased to inform you that your email won $750,000 in our annual draw. Send us your personal details to process the payment. This is a one-time opportunity, don't let it slip away!!! Don't wait!!!",spam
"Dear team, Hey, did you see the game last night? What an incredible comeback! That last-minute goal was unbelievable. We should watch the next match together at the sports bar. Thanks,",ham
"DEAR LUCKY ONE, URGENT: YOUR EMAIL HAS BEEN RANDOMLY SELECTED FOR A CASH PRIZE OF $500,000. TO CLAIM YOUR WINNINGS, REPLY WITH YOUR FULL NAME, ADDRESS, AND BANK DETAILS IMMEDIATELY. DO NOT SHARE THIS EMAIL WITH ANYONE. CLICK HERE NOW!",spam
"To Whom It May Concern, URGENT: Your email has been randomly selected for a cash prize of $500,000. To claim your winnings, reply with your full name, address, and bank details immediately. Do not share this email with anyone. As seen on TV. Reply ASAP!",spam
"Dear students, the midterm exam will cover chapters 1 through 7. I've uploaded a practice test on the course portal. Review sessions will be held next Tuesday and Thursday. Talk soon,",ham
"Hi, Hey, the weather forecast looks great for this weekend. Want to go hiking at the national park? I was thinking we could take the scenic trail that's about 5 miles long. See you soon,",ham
"Dear Customer, CONGRATULATIONS! You've been chosen to receive a brand new iPhone 15 Pro Max absolutely FREE! Just complete a short survey and provide your shipping address. Hurry, only 10 units left! Limited time only!",spam
"Dear Customer, Get bigger muscles in just 7 days with our new supplement!!! Used by professional athletes worldwide. Buy 2 bottles get 1 FREE. No side effects guaranteed!!! Doctor recommended.",spam
"Hi, Dear member, our gym will be undergoing renovations starting next month. The pool area will be closed for two weeks but all other facilities remain open. We apologize for any inconvenience. Let me know your thoughts. Thanks,",ham
"Hi there, Hi, I wanted to follow up on our discussion about the new project timeline. I've updated the Gantt chart with the revised milestones. Let me know if the dates work for your team. Regards,",ham
"Hello, Good news! The community garden project has been approved by the city council. We'll be starting the planting season next month. Volunteers can sign up at the community center. Thanks,",ham
"Hi there, Happy birthday! Hope you have an amazing day filled with joy and happiness. Wishing you all the best for the year ahead. Let's celebrate this weekend! Best regards,",ham
"Dear Friend, IMPORTANT: Your Netflix subscription payment failed. Update your billing information now to avoid service interruption. Click here to update your payment method securely. As seen on TV. Reply ASAP!!!",spam
"Hello everyone, Hey, the weather forecast looks great for this weekend. Want to go hiking at the national park? I was thinking we could take the scenic trail that's about 5 miles long. Thanks,",ham
"Hey there, Hey, the weather forecast looks great for this weekend. Want to go hiking at the national park? I was thinking we could take the scenic trail that's about 5 miles long. Thanks,",ham
"DEAR LUCKY ONE, AMAZING DEAL: BUY ONE GET THREE FREE ON ALL DESIGNER WATCHES! USE CODE FREESHIP FOR FREE WORLDWIDE SHIPPING. SHOP NOW BEFORE STOCKS RUN OUT!",spam
"Dear Customer, Your PayPal account has been limited due to suspicious activity. Please log in through the secure link below to restore full access. Ignoring this notice will result in permanent account closure. Unsubscribe by clicking here. Click here now!!!",spam
"Dear Lucky One, URGENT BUSINESS PROPOSAL: I am Dr. James from Nigeria. I have $15.5 million that I need to transfer out of the country. I will give you 30% of the total if you help me. Reply for details. Reply with YES to confirm. Reply ASAP!",spam
"Hi, Hey! How are you doing? It's been a while since we caught up. Want to grab coffee this weekend? Let me know what works for you. Let me know your thoughts. Take care,",ham
"Hi there, Reminder: The office will be closed next Monday for the holiday. Please make sure all urgent tasks are completed by Friday. Enjoy the long weekend! Looking forward to hearing from you. Best,",ham
"Hey there, Hey, I noticed a bug in the payment processing module. When users enter an invalid card number, the error message doesn't display correctly. I've created a ticket for it. Can you take a look? Let me know your thoughts. See you soon,",ham
"Hello, Buy discount medications online! Up to 80% off on all prescriptions. No prescription needed. Fast discreet shipping worldwide. Order now and get free bonus pills! This offer won't last long. This is not a joke!",spam
"Good morning, Happy birthday! Hope you have an amazing day filled with joy and happiness. Wishing you all the best for the year ahead. Let's celebrate this weekend! Best,",ham
"Dear Valued Member, Amazing anti-aging cream turns back the clock 20 years! Dermatologists hate this one simple trick. Order now and get 50% off plus free shipping! No credit card required. Act immediately!",spam
"To Whom It May Concern, You are the lucky winner of our weekly sweepstakes!!! A sum of $250,000 has been allocated to your name. Click here to verify your identity and receive your funds within 48 hours. Don't wait!!!",spam
Attention! Last chance! Your exclusive membership discount expires in 1 hour. Save 95% on premium software licenses today only. This deal will NOT be repeated. Act now or regret forever!,spam
Last chance! Your exclusive membership discount expires in 1 hour. Save 95% on premium software licenses today only. This deal will NOT be repeated. Act now or regret forever! Call our toll-free number now. Don't wait!,spam
"Hello, Thanks for your help with the client presentation yesterday. The client was really impressed with the demo. They've scheduled a follow-up meeting for next Tuesday. Thanks,",ham
"Hello, Hi Mom, I'm doing well. Work has been busy but good. I'm planning to visit next month for the holidays. Can't wait to see everyone! Best regards,",ham
"Dear team, Hey, do you have the notes from yesterday's lecture? I had to leave early for a doctor's appointment. I'd really appreciate it if you could share them. Let's discuss this further. Thanks,",ham
"Dear Valued Member, You've been pre-approved for a $50,000 credit line!!! No credit check required. Apply now by clicking the link below. Limited spots available, first come first served!!! Wire transfer only. Act immediately!!!",spam
"Hey, Thank you for your order! Your package has been shipped and is expected to arrive by Thursday. You can track your delivery using the link in your account. If you have any questions, please contact our support team. Feel free to call me. Take care,",ham
"Hi, I've completed the code review for the API endpoints. Overall it looks great, just a few minor suggestions in the comments. Nice work on the error handling! Hope this helps. Take care,",ham
"Here's your weekly digest of top stories. The tech industry saw major developments with new AI regulations. Read the full articles on our website. Feel free to call me. Regards,",ham
"Attention! Make $5,000 per day working from home! No experience needed. Our proven system guarantees results in just 7 days. Join thousands of successful members today! Don't wait!",spam
"Hello everyone, Good afternoon. The server migration is scheduled for this Saturday at 2 AM. Expected downtime is approximately 4 hours. I'll send out notifications to all affected users. See you soon,",ham
"TO WHOM IT MAY CONCERN, YOUR EMAIL ACCOUNT WILL BE DELETED IN 24 HOURS UNLESS YOU VERIFY. CLICK THE VERIFICATION LINK BELOW TO CONFIRM YOUR IDENTITY. THIS IS AN AUTOMATED MESSAGE FROM THE IT SECURITY TEAM. BUY NOW PAY LATER. CLICK HERE NOW!",spam
"Dear Lucky One, Get bigger muscles in just 7 days with our new supplement! Used by professional athletes worldwide. Buy 2 bottles get 1 FREE. No side effects guaranteed! Guaranteed results. Limited time only!",spam
"Hello, Good afternoon. The server migration is scheduled for this Saturday at 2 AM. Expected downtime is approximately 4 hours. I'll send out notifications to all affected users. I appreciate your help. See you soon,",ham
"Hey, I noticed a bug in the payment processing module. When users enter an invalid card number, the error message doesn't display correctly. I've created a ticket for it. Can you take a look? Let's discuss this further. See you soon,",ham
"Good morning, Good morning, I just wanted to thank you for helping me move last weekend. I really couldn't have done it without your help. Let me buy you lunch to say thanks. Let me know your thoughts. See you soon,",ham
"Hello, WARNING: Unusual sign-in activity detected on your Microsoft account. Someone tried to access your account from Russia. Click here to change your password and enable two-factor authentication. Buy now pay later. Click here now!!!",spam
"Hi, Hey, I saw the photos from your vacation. Looks like you had an amazing time! Where exactly did you stay? I'd love to plan a similar trip. We should catch up soon and you can tell me all about it. See you soon,",ham
"Hello everyone, Good news! The community garden project has been approved by the city council. We'll be starting the planting season next month. Volunteers can sign up at the community center. Best regards,",ham
"Dear Valued Member, You are the lucky winner of our weekly sweepstakes! A sum of $250,000 has been allocated to your name. Click here to verify your identity and receive your funds within 48 hours. As seen on TV.",spam
"DEAR USER, BUY DISCOUNT MEDICATIONS ONLINE! UP TO 80% OFF ON ALL PRESCRIPTIONS. NO PRESCRIPTION NEEDED. FAST DISCREET SHIPPING WORLDWIDE. ORDER NOW AND GET FREE BONUS PILLS! 100% GUARANTEED!",spam
"Hey, Hey, did you see the game last night? What an incredible comeback! That last-minute goal was unbelievable. We should watch the next match together at the sports bar. See you soon,",ham
"Dear Customer, AMAZING DEAL: Buy one get three FREE on all designer watches! Use code FREESHIP for free worldwide shipping. Shop now before stocks run out! Hurry!",spam
"Hello, Hey, the weather forecast looks great for this weekend. Want to go hiking at the national park? I was thinking we could take the scenic trail that's about 5 miles long. Have a great day. Take care,",ham
"Hello, Hi, I've completed the code review for the API endpoints. Overall it looks great, just a few minor suggestions in the comments. Nice work on the error handling!",ham
"Hey, Reminder: The office will be closed next Monday for the holiday. Please make sure all urgent tasks are completed by Friday. Enjoy the long weekend! Talk soon,",ham
"Hello everyone, Here's your weekly digest of top stories. The tech industry saw major developments with new AI regulations. Read the full articles on our website. Hope this helps. Regards,",ham
"Hey, Hi all, we're organizing a team building event next Thursday. It'll be an escape room challenge followed by dinner. Please RSVP by Wednesday so I can finalize the reservation. Looking forward to hearing from you. Talk soon,",ham
"Hey, I've pushed the latest changes to the feature branch. Could you please review the pull request when you get a chance? The main updates are in the authentication module. Looking forward to hearing from you. Best regards,",ham
"Good morning, Here's your weekly digest of top stories. The tech industry saw major developments with new AI regulations. Read the full articles on our website. Thanks for your time. Thanks,",ham
"DEAR CUSTOMER, MAKE $5,000 PER DAY WORKING FROM HOME! NO EXPERIENCE NEEDED. OUR PROVEN SYSTEM GUARANTEES RESULTS IN JUST 7 DAYS. JOIN THOUSANDS OF SUCCESSFUL MEMBERS TODAY! 100% GUARANTEED!",spam
"Hi, Happy birthday! Hope you have an amazing day filled with joy and happiness. Wishing you all the best for the year ahead. Let's celebrate this weekend!",ham
"Hello, Hi, I'm writing to confirm our dinner reservation for Friday at 7 PM. The restaurant is at 123 Main Street. They said they can accommodate dietary restrictions, just let them know in advance. See you soon,",ham
"DEAR FRIEND, BITCOIN ALERT: INVEST $250 TODAY AND EARN $10,000 BY NEXT WEEK! OUR AI-POWERED TRADING BOT DOES ALL THE WORK FOR YOU. DON'T MISS THIS ONCE-IN-A-LIFETIME OPPORTUNITY! GUARANTEED RESULTS. !***!",spam
"Good morning, Hey, thanks for the recipe you sent last week. I tried making it and it turned out great! The kids absolutely loved it. Do you have any other easy dinner ideas? Have a great day. Talk soon,",ham
"DEAR LUCKY ONE, FREE TRIAL OF OUR PREMIUM WEIGHT LOSS SUPPLEMENT! LOSE 30 POUNDS IN 30 DAYS GUARANTEED OR YOUR MONEY BACK. ORDER NOW AND PAY ONLY SHIPPING AND HANDLING. RISK-FREE TRIAL. REPLY ASAP!",spam
"Hello everyone, Good afternoon. The server migration is scheduled for this Saturday at 2 AM. Expected downtime is approximately 4 hours. I'll send out notifications to all affected users. Feel free to call me. See you soon,",ham
"Dear Winner, Amazing anti-aging cream turns back the clock 20 years! Dermatologists hate this one simple trick. Order now and get 50% off plus free shipping! As seen on TV. Act immediately!",spam
"Hey, Hey, do you have the notes from yesterday's lecture? I had to leave early for a doctor's appointment. I'd really appreciate it if you could share them. I appreciate your help. Regards,",ham
GREETINGS! BUY DISCOUNT MEDICATIONS ONLINE! UP TO 80% OFF ON ALL PRESCRIPTIONS. NO PRESCRIPTION NEEDED. FAST DISCREET SHIPPING WORLDWIDE. ORDER NOW AND GET FREE BONUS PILLS! REPLY ASAP! !$!?,spam
"Dear User, Congratulations!!! You have been selected as the winner of our international lottery. Click the link below to claim your prize of $1,000,000. This offer expires in 24 hours so act fast!!! Wire transfer only.",spam
"Dear User, Last chance! Your exclusive membership discount expires in 1 hour. Save 95% on premium software licenses today only. This deal will NOT be repeated. Act now or regret forever! Reply with YES to confirm. Limited time only!",spam
"Hey there, Hi, the landlord sent an email about the building maintenance schedule. They'll be fixing the elevator on Tuesday and the water will be off for 2 hours on Wednesday. Just wanted to give you a heads up. Best regards,",ham
"DEAR VALUED MEMBER, ATTENTION: YOU HAVE AN UNCLAIMED TAX REFUND OF $3,247.00! FILE YOUR CLAIM ONLINE WITHIN 48 HOURS OR THE REFUND WILL BE FORFEITED. CLICK HERE TO SUBMIT YOUR BANKING DETAILS FOR DIRECT DEPOSIT. UNSUBSCRIBE BY CLICKING HERE. 100% GUARANTEED!",spam
"Hey there, Hey, do you have the notes from yesterday's lecture? I had to leave early for a doctor's appointment. I'd really appreciate it if you could share them. See you soon,",ham
"Good morning, Good news! The community garden project has been approved by the city council. We'll be starting the planting season next month. Volunteers can sign up at the community center. Regards,",ham
"Good morning, Hi, I wanted to share this interesting article about sustainable energy. It discusses how solar panel efficiency has improved by 40% in the last decade. Thought you might find it relevant for your research. Hope this helps. Talk soon,",ham
"Hello, Hi Mom, I'm doing well. Work has been busy but good. I'm planning to visit next month for the holidays. Can't wait to see everyone! Don't hesitate to reach out. Cheers,",ham
"Good morning, Your monthly subscription has been renewed successfully. The charge of $9.99 has been applied to your credit card. You can manage your subscription settings in your account. Looking forward to hearing from you.",ham
Attention! Buy discount medications online! Up to 80% off on all prescriptions. No prescription needed. Fast discreet shipping worldwide. Order now and get free bonus pills! Buy now pay later. Hurry!,spam
"To Whom It May Concern, Your PayPal account has been limited due to suspicious activity. Please log in through the secure link below to restore full access. Ignoring this notice will result in permanent account closure. As seen on TV. Don't wait!",spam
"You are the lucky winner of our weekly sweepstakes! A sum of $250,000 has been allocated to your name. Click here to verify your identity and receive your funds within 48 hours. Guaranteed results. Don't wait!",spam
"Hello everyone, Hi, I've completed the code review for the API endpoints. Overall it looks great, just a few minor suggestions in the comments. Nice work on the error handling! Regards,",ham
"Hello, Hi, I'm dropping off the kids at school tomorrow morning. Can you pick them up at 3 PM? I have a dentist appointment that I can't reschedule. Best,",ham
"Hello, Dear Professor, I wanted to confirm my attendance for the research seminar next week. I've prepared a brief summary of my findings so far. Would it be possible to schedule a 15-minute slot for my presentation? Regards,",ham
"Hi, Good morning, I just wanted to thank you for helping me move last weekend. I really couldn't have done it without your help. Let me buy you lunch to say thanks. Best regards,",ham
"Dear Customer, You are the lucky winner of our weekly sweepstakes! A sum of $250,000 has been allocated to your name. Click here to verify your identity and receive your funds within 48 hours. 100% guaranteed! *$*$",spam
"Hello, Dear customer, your Amazon order #38291 has been placed successfully. If you did not make this purchase of $899.99, click here to cancel immediately. Your account security is our top priority. Act immediately!",spam
"Dear team, Good news! The community garden project has been approved by the city council. We'll be starting the planting season next month. Volunteers can sign up at the community center. Don't hesitate to reach out. Regards,",ham
"Here's your weekly digest of top stories. The tech industry saw major developments with new AI regulations. Read the full articles on our website. Let's discuss this further. Thanks,",ham
"Hey, Hey, thanks for the recipe you sent last week. I tried making it and it turned out great! The kids absolutely loved it. Do you have any other easy dinner ideas? Let me know your thoughts. Cheers,",ham
Get a FREE laptop today!!! No purchase necessary. Simply click the link and enter your email to qualify. This exclusive offer is available for a limited time only. Don't wait!!!,spam
"Good morning, Hi, the landlord sent an email about the building maintenance schedule. They'll be fixing the elevator on Tuesday and the water will be off for 2 hours on Wednesday. Just wanted to give you a heads up. I appreciate your help. Cheers,",ham
"Dear User, AMAZING DEAL: Buy one get three FREE on all designer watches!!! Use code FREESHIP for free worldwide shipping. Shop now before stocks run out!!! Unsubscribe by clicking here. Don't wait!!!",spam
"Good morning, Your monthly subscription has been renewed successfully. The charge of $9.99 has been applied to your credit card. You can manage your subscription settings in your account. See you soon,",ham
"Dear team, Hey, I found that old photo album we were looking for. There are some really great pictures from our college days in there. I'll bring it over when I visit next time. I appreciate your help. Cheers,",ham
"Hey there, Thank you for your order! Your package has been shipped and is expected to arrive by Thursday. You can track your delivery using the link in your account. If you have any questions, please contact our support team. Thanks for your time. Best regards,",ham
Your PayPal account has been limited due to suspicious activity. Please log in through the secure link below to restore full access. Ignoring this notice will result in permanent account closure. Guaranteed results.,spam
"Dear Valued Member, URGENT: Your email has been randomly selected for a cash prize of $500,000. To claim your winnings, reply with your full name, address, and bank details immediately. Do not share this email with anyone. As seen on TV. 100% guaranteed!",spam
"Attention! Dear Winner, we are pleased to inform you that your email won $750,000 in our annual draw. Send us your personal details to process the payment. This is a one-time opportunity, don't let it slip away! Send your bank details.",spam
"Dear team, Hey! How are you doing? It's been a while since we caught up. Want to grab coffee this weekend? Let me know what works for you. Looking forward to hearing from you. Best regards,",ham
"Dear team, Hi all, we're organizing a team building event next Thursday. It'll be an escape room challenge followed by dinner. Please RSVP by Wednesday so I can finalize the reservation. Take care,",ham
"Good morning, Here's your weekly digest of top stories. The tech industry saw major developments with new AI regulations. Read the full articles on our website. Don't hesitate to reach out.",ham
Attention! Your email account will be DELETED in 24 hours unless you verify. Click the verification link below to confirm your identity. This is an automated message from the IT security team. Reply with YES to confirm. Click here now! !?*$,spam
"Greetings! Make $5,000 per day working from home! No experience needed. Our proven system guarantees results in just 7 days. Join thousands of successful members today! Unsubscribe by clicking here. Limited time only! $!",spam
"Hi, Hey, I saw the photos from your vacation. Looks like you had an amazing time! Where exactly did you stay? I'd love to plan a similar trip. We should catch up soon and you can tell me all about it. Talk soon,",ham
"Hello, Get a FREE laptop today! No purchase necessary. Simply click the link and enter your email to qualify. This exclusive offer is available for a limited time only. Buy now pay later. Hurry!",spam
"Hi there, Here's your weekly digest of top stories. The tech industry saw major developments with new AI regulations. Read the full articles on our website. Have a great day. See you soon,",ham
"Dear team, Dear Professor, I wanted to confirm my attendance for the research seminar next week. I've prepared a brief summary of my findings so far. Would it be possible to schedule a 15-minute slot for my presentation? Take care,",ham
"Hello, Hi, the landlord sent an email about the building maintenance schedule. They'll be fixing the elevator on Tuesday and the water will be off for 2 hours on Wednesday. Just wanted to give you a heads up. Let's discuss this further. Take care,",ham
"Dear team, Hey, do you have the notes from yesterday's lecture? I had to leave early for a doctor's appointment. I'd really appreciate it if you could share them. Let me know your thoughts. See you soon,",ham
"Attention! Dear customer, your Amazon order #38291 has been placed successfully. If you did not make this purchase of $899.99, click here to cancel immediately. Your account security is our top priority. Reply ASAP!",spam
Greetings!!! Get a FREE laptop today!!! No purchase necessary. Simply click the link and enter your email to qualify. This exclusive offer is available for a limited time only. No credit card required.,spam
"DEAR VALUED MEMBER, WARNING: UNUSUAL SIGN-IN ACTIVITY DETECTED ON YOUR MICROSOFT ACCOUNT. SOMEONE TRIED TO ACCESS YOUR ACCOUNT FROM RUSSIA. CLICK HERE TO CHANGE YOUR PASSWORD AND ENABLE TWO-FACTOR AUTHENTICATION. REPLY WITH YES TO CONFIRM.",spam
"Hello, CRITICAL: Your social security number has been compromised! Call our toll-free number immediately to freeze your credit. Failure to act now could result in identity theft! This is not a joke!",spam
"Dear Winner, Secret investment strategy revealed! Wall Street insiders don't want you to know this. Turn $100 into $50,000 in just 30 days. Click here to learn the method that's making ordinary people rich! Buy now pay later. Limited time only!",spam
"DEAR USER, CONGRATULATIONS! YOU HAVE BEEN SELECTED AS THE WINNER OF OUR INTERNATIONAL LOTTERY. CLICK THE LINK BELOW TO CLAIM YOUR PRIZE OF $1,000,000. THIS OFFER EXPIRES IN 24 HOURS SO ACT FAST! THIS OFFER WON'T LAST LONG. DON'T WAIT!",spam
"Good afternoon. The server migration is scheduled for this Saturday at 2 AM. Expected downtime is approximately 4 hours. I'll send out notifications to all affected users. Thanks,",ham
"Attention! BREAKTHROUGH: Scientists discover miracle cure for baldness! Regrow a full head of hair in just 2 weeks. Order your FREE trial bottle today, just pay shipping! Reply ASAP!",spam
Good morning everyone. The quarterly report is ready for review. I've attached the PDF to this email. Please share your feedback by Friday end of day.,ham
"Hey there, Hey, thanks for the recipe you sent last week. I tried making it and it turned out great! The kids absolutely loved it. Do you have any other easy dinner ideas? I appreciate your help. Take care,",ham
"Dear Friend, Exclusive offer just for you! Get 90% off on all luxury handbags. This flash sale ends tonight at midnight. Click here to browse our collection and save big! Send your bank details. This is not a joke!",spam
"Dear Winner, BREAKTHROUGH: Scientists discover miracle cure for baldness! Regrow a full head of hair in just 2 weeks. Order your FREE trial bottle today, just pay shipping!",spam
"Dear Winner, we are pleased to inform you that your email won $750,000 in our annual draw. Send us your personal details to process the payment. This is a one-time opportunity, don't let it slip away!!! As seen on TV. Act immediately!!!",spam
"Dear User, You are the lucky winner of our weekly sweepstakes! A sum of $250,000 has been allocated to your name. Click here to verify your identity and receive your funds within 48 hours. You have been specially selected. Click here now!",spam
"Dear Customer, Dear customer, your Amazon order #38291 has been placed successfully. If you did not make this purchase of $899.99, click here to cancel immediately. Your account security is our top priority. As seen on TV. Limited time only!",spam
"Dear team, Dear member, our gym will be undergoing renovations starting next month. The pool area will be closed for two weeks but all other facilities remain open. We apologize for any inconvenience. Thanks,",ham
"To Whom It May Concern, ATTENTION: You have an unclaimed tax refund of $3,247.00! File your claim online within 48 hours or the refund will be forfeited. Click here to submit your banking details for direct deposit. This is not a joke!",spam
"Dear Friend, CRITICAL: Your social security number has been compromised! Call our toll-free number immediately to freeze your credit. Failure to act now could result in identity theft! Act immediately!",spam
"Hi, Hi, the landlord sent an email about the building maintenance schedule. They'll be fixing the elevator on Tuesday and the water will be off for 2 hours on Wednesday. Just wanted to give you a heads up. I appreciate your help. Thanks,",ham
"Hi, Hey, the weather forecast looks great for this weekend. Want to go hiking at the national park? I was thinking we could take the scenic trail that's about 5 miles long. Best regards,",ham
"Dear team, Hi, I'm dropping off the kids at school tomorrow morning. Can you pick them up at 3 PM? I have a dentist appointment that I can't reschedule. Don't hesitate to reach out. Regards,",ham
IMPORTANT: Your Netflix subscription payment failed. Update your billing information now to avoid service interruption. Click here to update your payment method securely. Reply with YES to confirm. Reply ASAP!,spam
"DEAR CUSTOMER, FINAL WARNING: YOUR COMPUTER HAS BEEN INFECTED WITH 47 VIRUSES! DOWNLOAD OUR SECURITY SOFTWARE IMMEDIATELY TO PROTECT YOUR DATA. CLICK HERE FOR A FREE EMERGENCY SCAN RIGHT NOW! LIMITED TIME ONLY!",spam
"Dear User, Dear customer, your Amazon order #38291 has been placed successfully. If you did not make this purchase of $899.99, click here to cancel immediately. Your account security is our top priority. This is not a joke!",spam
"Dear Valued Member, AMAZING DEAL: Buy one get three FREE on all designer watches! Use code FREESHIP for free worldwide shipping. Shop now before stocks run out!",spam
"To Whom It May Concern, IMPORTANT: Your Netflix subscription payment failed. Update your billing information now to avoid service interruption. Click here to update your payment method securely. Send your bank details. This is not a joke!",spam
"Dear Professor, I wanted to confirm my attendance for the research seminar next week. I've prepared a brief summary of my findings so far. Would it be possible to schedule a 15-minute slot for my presentation? Hope this helps. Best regards,",ham
"DEAR USER, YOU ARE THE LUCKY WINNER OF OUR WEEKLY SWEEPSTAKES! A SUM OF $250,000 HAS BEEN ALLOCATED TO YOUR NAME. CLICK HERE TO VERIFY YOUR IDENTITY AND RECEIVE YOUR FUNDS WITHIN 48 HOURS. $$!!!",spam
Your email account will be DELETED in 24 hours unless you verify. Click the verification link below to confirm your identity. This is an automated message from the IT security team. Don't wait!,spam
"Hey there, Thank you for your order! Your package has been shipped and is expected to arrive by Thursday. You can track your delivery using the link in your account. If you have any questions, please contact our support team. See you at the meeting. Best,",ham
"Hey! How are you doing? It's been a while since we caught up. Want to grab coffee this weekend? Let me know what works for you. Let me know your thoughts. Take care,",ham
"Dear Lucky One, BITCOIN ALERT: Invest $250 today and earn $10,000 by next week! Our AI-powered trading bot does all the work for you. Don't miss this once-in-a-lifetime opportunity! This is not a joke!",spam
"Dear User, You are the lucky winner of our weekly sweepstakes! A sum of $250,000 has been allocated to your name. Click here to verify your identity and receive your funds within 48 hours. Doctor recommended. This is not a joke!",spam
"Hello everyone, Hi, I wanted to follow up on our discussion about the new project timeline. I've updated the Gantt chart with the revised milestones. Let me know if the dates work for your team. Feel free to call me. Best regards,",ham
"Greetings! BITCOIN ALERT: Invest $250 today and earn $10,000 by next week! Our AI-powered trading bot does all the work for you. Don't miss this once-in-a-lifetime opportunity! Send your bank details. Reply ASAP!",spam
"Hey there, Hey, I saw the photos from your vacation. Looks like you had an amazing time! Where exactly did you stay? I'd love to plan a similar trip. We should catch up soon and you can tell me all about it. Looking forward to hearing from you. Best regards,",ham
"Hello everyone, Hi Mom, I'm doing well. Work has been busy but good. I'm planning to visit next month for the holidays. Can't wait to see everyone! Have a great day. Best,",ham
ATTENTION!!! YOUR EMAIL ACCOUNT WILL BE DELETED IN 24 HOURS UNLESS YOU VERIFY. CLICK THE VERIFICATION LINK BELOW TO CONFIRM YOUR IDENTITY. THIS IS AN AUTOMATED MESSAGE FROM THE IT SECURITY TEAM. 100% GUARANTEED!!!,spam
"Hello, Dear member, our gym will be undergoing renovations starting next month. The pool area will be closed for two weeks but all other facilities remain open. We apologize for any inconvenience. Thanks for your time. Cheers,",ham
"Hello everyone, Thanks for your help with the client presentation yesterday. The client was really impressed with the demo. They've scheduled a follow-up meeting for next Tuesday. Thanks for your time.",ham
"Dear Lucky One, Make $5,000 per day working from home! No experience needed. Our proven system guarantees results in just 7 days. Join thousands of successful members today! Click here now!",spam
FREE TRIAL OF OUR PREMIUM WEIGHT LOSS SUPPLEMENT! LOSE 30 POUNDS IN 30 DAYS GUARANTEED OR YOUR MONEY BACK. ORDER NOW AND PAY ONLY SHIPPING AND HANDLING. UNSUBSCRIBE BY CLICKING HERE. ACT IMMEDIATELY!,spam
"Good morning, Dear students, the midterm exam will cover chapters 1 through 7. I've uploaded a practice test on the course portal. Review sessions will be held next Tuesday and Thursday. Regards,",ham
"Hi, Hey, just finished reading that book you recommended. It was fantastic! The plot twist at the end completely caught me off guard. Any other recommendations? Take care,",ham
"Hey, Hi, I'm writing to confirm our dinner reservation for Friday at 7 PM. The restaurant is at 123 Main Street. They said they can accommodate dietary restrictions, just let them know in advance. Regards,",ham
"Dear Valued Member, Get bigger muscles in just 7 days with our new supplement! Used by professional athletes worldwide. Buy 2 bottles get 1 FREE. No side effects guaranteed! Hurry!",spam
"To Whom It May Concern, WARNING: Unusual sign-in activity detected on your Microsoft account. Someone tried to access your account from Russia. Click here to change your password and enable two-factor authentication. Call our toll-free number now. 100% guaranteed!!!",spam
ATTENTION! WARNING: UNUSUAL SIGN-IN ACTIVITY DETECTED ON YOUR MICROSOFT ACCOUNT. SOMEONE TRIED TO ACCESS YOUR ACCOUNT FROM RUSSIA. CLICK HERE TO CHANGE YOUR PASSWORD AND ENABLE TWO-FACTOR AUTHENTICATION. THIS IS NOT SPAM. HURRY!,spam
"Dear Friend, ATTENTION: You have an unclaimed tax refund of $3,247.00!!! File your claim online within 48 hours or the refund will be forfeited. Click here to submit your banking details for direct deposit. Doctor recommended. Don't wait!!! *!$*?",spam
"HELLO, AMAZING DEAL: BUY ONE GET THREE FREE ON ALL DESIGNER WATCHES! USE CODE FREESHIP FOR FREE WORLDWIDE SHIPPING. SHOP NOW BEFORE STOCKS RUN OUT! 100% GUARANTEED!",spam
"Dear Lucky One, FINAL WARNING: Your computer has been infected with 47 viruses! Download our security software immediately to protect your data. Click here for a FREE emergency scan right now! Forward this to 10 friends. Hurry!",spam
"Dear Valued Member, Dear customer, your Amazon order #38291 has been placed successfully. If you did not make this purchase of $899.99, click here to cancel immediately. Your account security is our top priority. 100% guaranteed!",spam
Attention!!! URGENT BUSINESS PROPOSAL: I am Dr. James from Nigeria. I have $15.5 million that I need to transfer out of the country. I will give you 30% of the total if you help me. Reply for details. Buy now pay later. Hurry!!!,spam
"Hey there, Good morning everyone. The quarterly report is ready for review. I've attached the PDF to this email. Please share your feedback by Friday end of day. Thanks for your time. Best regards,",ham
"Hello everyone, Dear member, our gym will be undergoing renovations starting next month. The pool area will be closed for two weeks but all other facilities remain open. We apologize for any inconvenience. Cheers,",ham
"Hey, Hey, I noticed a bug in the payment processing module. When users enter an invalid card number, the error message doesn't display correctly. I've created a ticket for it. Can you take a look? See you at the meeting. Take care,",ham
"Dear Valued Member, Earn passive income of $3,000 weekly with our automated forex system. No trading experience required. Start with just $50. Join over 100,000 successful traders worldwide! Wire transfer only. Reply ASAP!",spam
"Hey, Hi, I wanted to share this interesting article about sustainable energy. It discusses how solar panel efficiency has improved by 40% in the last decade. Thought you might find it relevant for your research. Thanks,",ham
"Hello, IMPORTANT: Your Netflix subscription payment failed. Update your billing information now to avoid service interruption. Click here to update your payment method securely.",spam
"TO WHOM IT MAY CONCERN, BUY DISCOUNT MEDICATIONS ONLINE! UP TO 80% OFF ON ALL PRESCRIPTIONS. NO PRESCRIPTION NEEDED. FAST DISCREET SHIPPING WORLDWIDE. ORDER NOW AND GET FREE BONUS PILLS! FORWARD THIS TO 10 FRIENDS. ACT IMMEDIATELY!",spam
"Hi, Hi all, we're organizing a team building event next Thursday. It'll be an escape room challenge followed by dinner. Please RSVP by Wednesday so I can finalize the reservation. Have a great day. Thanks,",ham
"Dear Customer, WARNING: Unusual sign-in activity detected on your Microsoft account. Someone tried to access your account from Russia. Click here to change your password and enable two-factor authentication. Forward this to 10 friends. This is not a joke! $**!",spam
"Hey, Hey, I've pushed the latest changes to the feature branch. Could you please review the pull request when you get a chance? The main updates are in the authentication module. I appreciate your help. Talk soon,",ham
"Dear team, Hey, the weather forecast looks great for this weekend. Want to go hiking at the national park? I was thinking we could take the scenic trail that's about 5 miles long.",ham
"Hey, I've pushed the latest changes to the feature branch. Could you please review the pull request when you get a chance? The main updates are in the authentication module. See you at the meeting. Cheers,",ham
"Hi there, Good afternoon. The server migration is scheduled for this Saturday at 2 AM. Expected downtime is approximately 4 hours. I'll send out notifications to all affected users. See you soon,",ham
"Dear Customer, You are the lucky winner of our weekly sweepstakes!!! A sum of $250,000 has been allocated to your name. Click here to verify your identity and receive your funds within 48 hours. This offer won't last long. Limited time only!!!",spam
"Hey, Hey, do you have the notes from yesterday's lecture? I had to leave early for a doctor's appointment. I'd really appreciate it if you could share them. See you at the meeting.",ham
"DEAR VALUED MEMBER, LAST CHANCE! YOUR EXCLUSIVE MEMBERSHIP DISCOUNT EXPIRES IN 1 HOUR. SAVE 95% ON PREMIUM SOFTWARE LICENSES TODAY ONLY. THIS DEAL WILL NOT BE REPEATED. ACT NOW OR REGRET FOREVER! REPLY ASAP!",spam
"Hello, ATTENTION: You have an unclaimed tax refund of $3,247.00! File your claim online within 48 hours or the refund will be forfeited. Click here to submit your banking details for direct deposit. Act immediately!",spam
"Hello everyone, Hey, I've pushed the latest changes to the feature branch. Could you please review the pull request when you get a chance? The main updates are in the authentication module. See you soon,",ham
GREETINGS! FREE TRIAL OF OUR PREMIUM WEIGHT LOSS SUPPLEMENT! LOSE 30 POUNDS IN 30 DAYS GUARANTEED OR YOUR MONEY BACK. ORDER NOW AND PAY ONLY SHIPPING AND HANDLING.,spam
"Hey, Thank you for your order! Your package has been shipped and is expected to arrive by Thursday. You can track your delivery using the link in your account. If you have any questions, please contact our support team. Feel free to call me. Best,",ham
"To Whom It May Concern, You are the lucky winner of our weekly sweepstakes! A sum of $250,000 has been allocated to your name. Click here to verify your identity and receive your funds within 48 hours. This is not a joke!",spam
"TO WHOM IT MAY CONCERN, YOUR PAYPAL ACCOUNT HAS BEEN LIMITED DUE TO SUSPICIOUS ACTIVITY. PLEASE LOG IN THROUGH THE SECURE LINK BELOW TO RESTORE FULL ACCESS. IGNORING THIS NOTICE WILL RESULT IN PERMANENT ACCOUNT CLOSURE. FORWARD THIS TO 10 FRIENDS. HURRY!",spam
"To Whom It May Concern, URGENT: Your email has been randomly selected for a cash prize of $500,000. To claim your winnings, reply with your full name, address, and bank details immediately. Do not share this email with anyone. Forward this to 10 friends. Click here now! *$$",spam
"Hi there, Good news! The community garden project has been approved by the city council. We'll be starting the planting season next month. Volunteers can sign up at the community center. Looking forward to hearing from you. Talk soon,",ham
"Good morning, Hey, just finished reading that book you recommended. It was fantastic! The plot twist at the end completely caught me off guard. Any other recommendations? Cheers,",ham
"Hey, I saw the photos from your vacation. Looks like you had an amazing time! Where exactly did you stay? I'd love to plan a similar trip. We should catch up soon and you can tell me all about it. Best,",ham
"Attention! Earn passive income of $3,000 weekly with our automated forex system. No trading experience required. Start with just $50. Join over 100,000 successful traders worldwide! Reply ASAP!",spam
"Good morning, Dear Professor, I wanted to confirm my attendance for the research seminar next week. I've prepared a brief summary of my findings so far. Would it be possible to schedule a 15-minute slot for my presentation? Don't hesitate to reach out. Talk soon,",ham
"Good morning, Hi, I've completed the code review for the API endpoints. Overall it looks great, just a few minor suggestions in the comments. Nice work on the error handling! Regards,",ham
"Hello, WARNING: Unusual sign-in activity detected on your Microsoft account. Someone tried to access your account from Russia. Click here to change your password and enable two-factor authentication. Hurry!",spam
"Dear team, Hey, I noticed a bug in the payment processing module. When users enter an invalid card number, the error message doesn't display correctly. I've created a ticket for it. Can you take a look? Best regards,",ham
"Dear Winner, FREE trial of our premium weight loss supplement! Lose 30 pounds in 30 days guaranteed or your money back. Order now and pay only shipping and handling. Limited time only!",spam
"HELLO, IMPORTANT: YOUR NETFLIX SUBSCRIPTION PAYMENT FAILED. UPDATE YOUR BILLING INFORMATION NOW TO AVOID SERVICE INTERRUPTION. CLICK HERE TO UPDATE YOUR PAYMENT METHOD SECURELY. FORWARD THIS TO 10 FRIENDS. REPLY ASAP!",spam
"TO WHOM IT MAY CONCERN, YOU'VE BEEN PRE-APPROVED FOR A $50,000 CREDIT LINE! NO CREDIT CHECK REQUIRED. APPLY NOW BY CLICKING THE LINK BELOW. LIMITED SPOTS AVAILABLE, FIRST COME FIRST SERVED! RISK-FREE TRIAL.",spam
"Good morning, Hi, the landlord sent an email about the building maintenance schedule. They'll be fixing the elevator on Tuesday and the water will be off for 2 hours on Wednesday. Just wanted to give you a heads up. Talk soon,",ham
"You are the lucky winner of our weekly sweepstakes! A sum of $250,000 has been allocated to your name. Click here to verify your identity and receive your funds within 48 hours. Forward this to 10 friends. Click here now!",spam
"Hi there, Hey, I found that old photo album we were looking for. There are some really great pictures from our college days in there. I'll bring it over when I visit next time. Feel free to call me. Regards,",ham
"Dear User, Make $5,000 per day working from home! No experience needed. Our proven system guarantees results in just 7 days. Join thousands of successful members today! Click here now! ?*!$",spam
"Hey, Dear Professor, I wanted to confirm my attendance for the research seminar next week. I've prepared a brief summary of my findings so far. Would it be possible to schedule a 15-minute slot for my presentation? Best regards,",ham
"Hi there, Hey, do you have the notes from yesterday's lecture? I had to leave early for a doctor's appointment. I'd really appreciate it if you could share them. Looking forward to hearing from you. Cheers,",ham
"Hey, I've pushed the latest changes to the feature branch. Could you please review the pull request when you get a chance? The main updates are in the authentication module. Hope this helps. See you soon,",ham
"Hey there, Thank you for your order! Your package has been shipped and is expected to arrive by Thursday. You can track your delivery using the link in your account. If you have any questions, please contact our support team. Talk soon,",ham
"Dear Valued Member, Lose weight fast with our revolutionary diet pill! Celebrities are raving about this amazing product. Get your 30-day supply FREE. Limited stock available! Wire transfer only. Act immediately!",spam
"Dear Valued Member, FINAL WARNING: Your computer has been infected with 47 viruses! Download our security software immediately to protect your data. Click here for a FREE emergency scan right now! This is NOT spam. Limited time only!",spam
AMAZING ANTI-AGING CREAM TURNS BACK THE CLOCK 20 YEARS! DERMATOLOGISTS HATE THIS ONE SIMPLE TRICK. ORDER NOW AND GET 50% OFF PLUS FREE SHIPPING! DON'T WAIT!,spam
"Good morning, Happy birthday! Hope you have an amazing day filled with joy and happiness. Wishing you all the best for the year ahead. Let's celebrate this weekend! Talk soon,",ham
"Thank you for your order! Your package has been shipped and is expected to arrive by Thursday. You can track your delivery using the link in your account. If you have any questions, please contact our support team.",ham
"Dear Friend, Last chance! Your exclusive membership discount expires in 1 hour. Save 95% on premium software licenses today only. This deal will NOT be repeated. Act now or regret forever! Reply ASAP!",spam
"URGENT: Your email has been randomly selected for a cash prize of $500,000. To claim your winnings, reply with your full name, address, and bank details immediately. Do not share this email with anyone. Doctor recommended. Click here now!",spam
"Hi, Hey, I saw the photos from your vacation. Looks like you had an amazing time! Where exactly did you stay? I'd love to plan a similar trip. We should catch up soon and you can tell me all about it. Best regards,",ham
"Hi there, Good afternoon. The server migration is scheduled for this Saturday at 2 AM. Expected downtime is approximately 4 hours. I'll send out notifications to all affected users. Best,",ham
"To Whom It May Concern, Exclusive offer just for you! Get 90% off on all luxury handbags. This flash sale ends tonight at midnight. Click here to browse our collection and save big! Click here now! *???*",spam
"TO WHOM IT MAY CONCERN, CRITICAL: YOUR SOCIAL SECURITY NUMBER HAS BEEN COMPROMISED! CALL OUR TOLL-FREE NUMBER IMMEDIATELY TO FREEZE YOUR CREDIT. FAILURE TO ACT NOW COULD RESULT IN IDENTITY THEFT! THIS OFFER WON'T LAST LONG. REPLY ASAP!",spam
"Dear User, Earn passive income of $3,000 weekly with our automated forex system. No trading experience required. Start with just $50. Join over 100,000 successful traders worldwide!!! Don't wait!!!",spam
"Hey, Your monthly subscription has been renewed successfully. The charge of $9.99 has been applied to your credit card. You can manage your subscription settings in your account. Have a great day. Best,",ham
"Hi, Thank you for your order! Your package has been shipped and is expected to arrive by Thursday. You can track your delivery using the link in your account. If you have any questions, please contact our support team. Looking forward to hearing from you. Cheers,",ham
"Dear Valued Member, AMAZING DEAL: Buy one get three FREE on all designer watches! Use code FREESHIP for free worldwide shipping. Shop now before stocks run out! Reply ASAP!",spam
"Hello, Hey, I've pushed the latest changes to the feature branch. Could you please review the pull request when you get a chance? The main updates are in the authentication module. See you soon,",ham
"Dear Valued Member, Dear customer, your Amazon order #38291 has been placed successfully. If you did not make this purchase of $899.99, click here to cancel immediately. Your account security is our top priority. Reply ASAP!",spam
"Hi, the landlord sent an email about the building maintenance schedule. They'll be fixing the elevator on Tuesday and the water will be off for 2 hours on Wednesday. Just wanted to give you a heads up. Looking forward to hearing from you.",ham
"Hi, Thanks for your help with the client presentation yesterday. The client was really impressed with the demo. They've scheduled a follow-up meeting for next Tuesday. Take care,",ham
"Hi there, Hi, I wanted to share this interesting article about sustainable energy. It discusses how solar panel efficiency has improved by 40% in the last decade. Thought you might find it relevant for your research. Regards,",ham
"Hi, the landlord sent an email about the building maintenance schedule. They'll be fixing the elevator on Tuesday and the water will be off for 2 hours on Wednesday. Just wanted to give you a heads up. Let's discuss this further. Talk soon,",ham
"Hello everyone, Hey, I noticed a bug in the payment processing module. When users enter an invalid card number, the error message doesn't display correctly. I've created a ticket for it. Can you take a look?",ham
"Hi, Hi class, the assignment deadline has been extended to next Wednesday. Please make sure to include proper citations and references. Office hours are available on Monday if you need help. Best,",ham
"Hello everyone, Hi, I wanted to share this interesting article about sustainable energy. It discusses how solar panel efficiency has improved by 40% in the last decade. Thought you might find it relevant for your research. Best regards,",ham
"Hi there, Thank you for your order! Your package has been shipped and is expected to arrive by Thursday. You can track your delivery using the link in your account. If you have any questions, please contact our support team. Looking forward to hearing from you. Take care,",ham
ATTENTION! URGENT BUSINESS PROPOSAL: I AM DR. JAMES FROM NIGERIA. I HAVE $15.5 MILLION THAT I NEED TO TRANSFER OUT OF THE COUNTRY. I WILL GIVE YOU 30% OF THE TOTAL IF YOU HELP ME. REPLY FOR DETAILS. BUY NOW PAY LATER. CLICK HERE NOW!,spam
"Hi there, Hi, your appointment with Dr. Smith is confirmed for next Monday at 2:30 PM. Please arrive 15 minutes early to complete the paperwork. If you need to reschedule, call us at least 24 hours in advance. Thanks for your time. Thanks,",ham
"Good morning, Hi all, we're organizing a team building event next Thursday. It'll be an escape room challenge followed by dinner. Please RSVP by Wednesday so I can finalize the reservation. Looking forward to hearing from you. See you soon,",ham
"DEAR USER, DEAR CUSTOMER, YOUR AMAZON ORDER #38291 HAS BEEN PLACED SUCCESSFULLY. IF YOU DID NOT MAKE THIS PURCHASE OF $899.99, CLICK HERE TO CANCEL IMMEDIATELY. YOUR ACCOUNT SECURITY IS OUR TOP PRIORITY. NO CREDIT CARD REQUIRED. CLICK HERE NOW! *$$?",spam
Attention!!! Your email account will be DELETED in 24 hours unless you verify. Click the verification link below to confirm your identity. This is an automated message from the IT security team. Click here now!!!,spam
"Dear Winner, Make $5,000 per day working from home! No experience needed. Our proven system guarantees results in just 7 days. Join thousands of successful members today! Act immediately!",spam
"Hello, Hey, just finished reading that book you recommended. It was fantastic! The plot twist at the end completely caught me off guard. Any other recommendations? Thanks,",ham
"Good morning, Good afternoon. The server migration is scheduled for this Saturday at 2 AM. Expected downtime is approximately 4 hours. I'll send out notifications to all affected users. I appreciate your help. Talk soon,",ham
"Hi, Good afternoon. The server migration is scheduled for this Saturday at 2 AM. Expected downtime is approximately 4 hours. I'll send out notifications to all affected users. Hope this helps. See you soon,",ham
"Dear Winner, Dear Winner, we are pleased to inform you that your email won $750,000 in our annual draw. Send us your personal details to process the payment. This is a one-time opportunity, don't let it slip away! As seen on TV. Don't wait!",spam
"ATTENTION!!! EARN PASSIVE INCOME OF $3,000 WEEKLY WITH OUR AUTOMATED FOREX SYSTEM. NO TRADING EXPERIENCE REQUIRED. START WITH JUST $50. JOIN OVER 100,000 SUCCESSFUL TRADERS WORLDWIDE!!! THIS IS NOT A JOKE!!!",spam
"Dear Friend, Congratulations! You have been selected as the winner of our international lottery. Click the link below to claim your prize of $1,000,000. This offer expires in 24 hours so act fast! This is NOT spam. This is not a joke! !**!",spam
"BREAKTHROUGH: Scientists discover miracle cure for baldness!!! Regrow a full head of hair in just 2 weeks. Order your FREE trial bottle today, just pay shipping!!! Act immediately!!!",spam
"TO WHOM IT MAY CONCERN, GET BIGGER MUSCLES IN JUST 7 DAYS WITH OUR NEW SUPPLEMENT! USED BY PROFESSIONAL ATHLETES WORLDWIDE. BUY 2 BOTTLES GET 1 FREE. NO SIDE EFFECTS GUARANTEED! DOCTOR RECOMMENDED. 100% GUARANTEED! ??",spam
"Hi there, Hey, the weather forecast looks great for this weekend. Want to go hiking at the national park? I was thinking we could take the scenic trail that's about 5 miles long. Feel free to call me. Cheers,",ham
"Hello, BITCOIN ALERT: Invest $250 today and earn $10,000 by next week! Our AI-powered trading bot does all the work for you. Don't miss this once-in-a-lifetime opportunity! Limited time only!",spam
"Dear Winner, Your email account will be DELETED in 24 hours unless you verify. Click the verification link below to confirm your identity. This is an automated message from the IT security team. Doctor recommended. Don't wait!!!",spam
"To Whom It May Concern, Your PayPal account has been limited due to suspicious activity. Please log in through the secure link below to restore full access. Ignoring this notice will result in permanent account closure. No credit card required. Act immediately!",spam
"Hey, Hi, the landlord sent an email about the building maintenance schedule. They'll be fixing the elevator on Tuesday and the water will be off for 2 hours on Wednesday. Just wanted to give you a heads up. See you at the meeting. Talk soon,",ham
"Dear Valued Member, WARNING: Unusual sign-in activity detected on your Microsoft account. Someone tried to access your account from Russia. Click here to change your password and enable two-factor authentication. Forward this to 10 friends. Act immediately!",spam
"Dear Friend, URGENT BUSINESS PROPOSAL: I am Dr. James from Nigeria. I have $15.5 million that I need to transfer out of the country. I will give you 30% of the total if you help me. Reply for details. Forward this to 10 friends. Act immediately!",spam
"Hey, Thanks for your help with the client presentation yesterday. The client was really impressed with the demo. They've scheduled a follow-up meeting for next Tuesday. Let's discuss this further. See you soon,",ham
"DEAR VALUED MEMBER, CONGRATULATIONS! YOU'VE BEEN CHOSEN TO RECEIVE A BRAND NEW IPHONE 15 PRO MAX ABSOLUTELY FREE! JUST COMPLETE A SHORT SURVEY AND PROVIDE YOUR SHIPPING ADDRESS. HURRY, ONLY 10 UNITS LEFT! RISK-FREE TRIAL. DON'T WAIT! !?",spam
"Good morning, Hi Mom, I'm doing well. Work has been busy but good. I'm planning to visit next month for the holidays. Can't wait to see everyone! Don't hesitate to reach out. Best regards,",ham
"Hi, Hi, the landlord sent an email about the building maintenance schedule. They'll be fixing the elevator on Tuesday and the water will be off for 2 hours on Wednesday. Just wanted to give you a heads up. Take care,",ham
"DEAR FRIEND, YOU ARE THE LUCKY WINNER OF OUR WEEKLY SWEEPSTAKES! A SUM OF $250,000 HAS BEEN ALLOCATED TO YOUR NAME. CLICK HERE TO VERIFY YOUR IDENTITY AND RECEIVE YOUR FUNDS WITHIN 48 HOURS. DOCTOR RECOMMENDED. LIMITED TIME ONLY!",spam
"Hi, Reminder: The office will be closed next Monday for the holiday. Please make sure all urgent tasks are completed by Friday. Enjoy the long weekend! See you at the meeting. Thanks,",ham
"Hi there, Hi, I'm dropping off the kids at school tomorrow morning. Can you pick them up at 3 PM? I have a dentist appointment that I can't reschedule. Let's discuss this further. Best regards,",ham
Greetings!!! WARNING: Unusual sign-in activity detected on your Microsoft account. Someone tried to access your account from Russia. Click here to change your password and enable two-factor authentication. No credit card required. Click here now!!!,spam
"Good morning, Hey, did you see the game last night? What an incredible comeback! That last-minute goal was unbelievable. We should watch the next match together at the sports bar. Thanks,",ham
"HELLO, BUY DISCOUNT MEDICATIONS ONLINE! UP TO 80% OFF ON ALL PRESCRIPTIONS. NO PRESCRIPTION NEEDED. FAST DISCREET SHIPPING WORLDWIDE. ORDER NOW AND GET FREE BONUS PILLS! YOU HAVE BEEN SPECIALLY SELECTED. ACT IMMEDIATELY!",spam
"Hello everyone, Hey, just finished reading that book you recommended. It was fantastic! The plot twist at the end completely caught me off guard. Any other recommendations?",ham
"Hello everyone, Hi class, the assignment deadline has been extended to next Wednesday. Please make sure to include proper citations and references. Office hours are available on Monday if you need help. See you soon,",ham
"Hi there, Dear students, the midterm exam will cover chapters 1 through 7. I've uploaded a practice test on the course portal. Review sessions will be held next Tuesday and Thursday. See you at the meeting. Thanks,",ham
"Hi there, Your monthly subscription has been renewed successfully. The charge of $9.99 has been applied to your credit card. You can manage your subscription settings in your account. Let's discuss this further. See you soon,",ham
Attention!!! ALERT: Your bank account has been compromised. Click here immediately to verify your identity and secure your account. Failure to act within 24 hours will result in account suspension. Send your bank details. Don't wait!!!,spam
"HELLO, ALERT: YOUR BANK ACCOUNT HAS BEEN COMPROMISED. CLICK HERE IMMEDIATELY TO VERIFY YOUR IDENTITY AND SECURE YOUR ACCOUNT. FAILURE TO ACT WITHIN 24 HOURS WILL RESULT IN ACCOUNT SUSPENSION. THIS IS NOT A JOKE!",spam
"Dear Friend, Get a FREE laptop today! No purchase necessary. Simply click the link and enter your email to qualify. This exclusive offer is available for a limited time only. Reply ASAP!",spam
"Dear Friend, CRITICAL: Your social security number has been compromised! Call our toll-free number immediately to freeze your credit. Failure to act now could result in identity theft! Call our toll-free number now. Act immediately! !?!?*",spam
"Hey there, Reminder: The office will be closed next Monday for the holiday. Please make sure all urgent tasks are completed by Friday. Enjoy the long weekend! See you at the meeting. Talk soon,",ham
"Hey there, Hi, I'm writing to confirm our dinner reservation for Friday at 7 PM. The restaurant is at 123 Main Street. They said they can accommodate dietary restrictions, just let them know in advance. See you soon,",ham
"Hi there, Hey, the weather forecast looks great for this weekend. Want to go hiking at the national park? I was thinking we could take the scenic trail that's about 5 miles long. Have a great day.",ham
"Dear Friend, URGENT: Your email has been randomly selected for a cash prize of $500,000. To claim your winnings, reply with your full name, address, and bank details immediately. Do not share this email with anyone. As seen on TV. Don't wait!",spam
"Hello everyone, Hi, I've completed the code review for the API endpoints. Overall it looks great, just a few minor suggestions in the comments. Nice work on the error handling! Best regards,",ham
"Dear Customer, Your email account will be DELETED in 24 hours unless you verify. Click the verification link below to confirm your identity. This is an automated message from the IT security team.",spam
"Hello everyone, Dear member, our gym will be undergoing renovations starting next month. The pool area will be closed for two weeks but all other facilities remain open. We apologize for any inconvenience. See you soon,",ham
GREETINGS!!! EXCLUSIVE OFFER JUST FOR YOU!!! GET 90% OFF ON ALL LUXURY HANDBAGS. THIS FLASH SALE ENDS TONIGHT AT MIDNIGHT. CLICK HERE TO BROWSE OUR COLLECTION AND SAVE BIG!!! GUARANTEED RESULTS. CLICK HERE NOW!!!,spam
"Hi, I've completed the code review for the API endpoints. Overall it looks great, just a few minor suggestions in the comments. Nice work on the error handling! Take care,",ham
"HELLO, FREE TRIAL OF OUR PREMIUM WEIGHT LOSS SUPPLEMENT! LOSE 30 POUNDS IN 30 DAYS GUARANTEED OR YOUR MONEY BACK. ORDER NOW AND PAY ONLY SHIPPING AND HANDLING. GUARANTEED RESULTS. LIMITED TIME ONLY!",spam
"Hey, Hi class, the assignment deadline has been extended to next Wednesday. Please make sure to include proper citations and references. Office hours are available on Monday if you need help. Thanks for your time. Talk soon,",ham
"Dear Friend, ATTENTION: You have an unclaimed tax refund of $3,247.00! File your claim online within 48 hours or the refund will be forfeited. Click here to submit your banking details for direct deposit. Buy now pay later. 100% guaranteed!",spam
Your PayPal account has been limited due to suspicious activity. Please log in through the secure link below to restore full access. Ignoring this notice will result in permanent account closure. Hurry!,spam
"Hi, just wanted to let you know that the family reunion is confirmed for August 15th. We've booked the lakehouse for the weekend. Please let everyone know and bring your favorite dish! Best regards,",ham
"Hi there, Hi team, just a reminder that we have our weekly standup meeting tomorrow at 10 AM. Please prepare your status updates and any blockers you'd like to discuss. See you all in the conference room. Have a great day. Take care,",ham
"Good morning, Hi, the landlord sent an email about the building maintenance schedule. They'll be fixing the elevator on Tuesday and the water will be off for 2 hours on Wednesday. Just wanted to give you a heads up. Talk soon,",ham
"To Whom It May Concern, URGENT BUSINESS PROPOSAL: I am Dr. James from Nigeria. I have $15.5 million that I need to transfer out of the country. I will give you 30% of the total if you help me. Reply for details. Buy now pay later. Reply ASAP!!! *$*$?",spam
"Hi, Hi, I've completed the code review for the API endpoints. Overall it looks great, just a few minor suggestions in the comments. Nice work on the error handling! Have a great day. Cheers,",ham
"Good morning, Hey, do you have the notes from yesterday's lecture? I had to leave early for a doctor's appointment. I'd really appreciate it if you could share them. Best regards,",ham
"Hey, thanks for the recipe you sent last week. I tried making it and it turned out great! The kids absolutely loved it. Do you have any other easy dinner ideas? Best regards,",ham
"Hey there, Hey, the weather forecast looks great for this weekend. Want to go hiking at the national park? I was thinking we could take the scenic trail that's about 5 miles long.",ham
"Good morning, Hey! How are you doing? It's been a while since we caught up. Want to grab coffee this weekend? Let me know what works for you. See you soon,",ham
"Hi there, Dear students, the midterm exam will cover chapters 1 through 7. I've uploaded a practice test on the course portal. Review sessions will be held next Tuesday and Thursday. Have a great day. See you soon,",ham
"Hello, Hi, your appointment with Dr. Smith is confirmed for next Monday at 2:30 PM. Please arrive 15 minutes early to complete the paperwork. If you need to reschedule, call us at least 24 hours in advance. Take care,",ham
"GREETINGS! YOU'VE BEEN PRE-APPROVED FOR A $50,000 CREDIT LINE! NO CREDIT CHECK REQUIRED. APPLY NOW BY CLICKING THE LINK BELOW. LIMITED SPOTS AVAILABLE, FIRST COME FIRST SERVED! RISK-FREE TRIAL. THIS IS NOT A JOKE!",spam
Greetings! CRITICAL: Your social security number has been compromised! Call our toll-free number immediately to freeze your credit. Failure to act now could result in identity theft! Guaranteed results. Click here now!,spam
"Greetings! BREAKTHROUGH: Scientists discover miracle cure for baldness! Regrow a full head of hair in just 2 weeks. Order your FREE trial bottle today, just pay shipping! Call our toll-free number now. This is not a joke!",spam
"Hey, do you have the notes from yesterday's lecture? I had to leave early for a doctor's appointment. I'd really appreciate it if you could share them. Regards,",ham
"Dear team, Hey, I found that old photo album we were looking for. There are some really great pictures from our college days in there. I'll bring it over when I visit next time. Regards,",ham
"Dear Winner, Your PayPal account has been limited due to suspicious activity. Please log in through the secure link below to restore full access. Ignoring this notice will result in permanent account closure. Risk-free trial. Hurry!",spam
"Hey there, Hey, the weather forecast looks great for this weekend. Want to go hiking at the national park? I was thinking we could take the scenic trail that's about 5 miles long. Let me know your thoughts. See you soon,",ham
"Dear Customer, Earn passive income of $3,000 weekly with our automated forex system. No trading experience required. Start with just $50. Join over 100,000 successful traders worldwide!!! Hurry!!!",spam
Attention! Get a FREE laptop today! No purchase necessary. Simply click the link and enter your email to qualify. This exclusive offer is available for a limited time only.,spam
"Greetings! You are the lucky winner of our weekly sweepstakes! A sum of $250,000 has been allocated to your name. Click here to verify your identity and receive your funds within 48 hours. Risk-free trial. Reply ASAP! $*$",spam
"Dear team, Hi, I'm dropping off the kids at school tomorrow morning. Can you pick them up at 3 PM? I have a dentist appointment that I can't reschedule.",ham
"Hi there, Hi, I've completed the code review for the API endpoints. Overall it looks great, just a few minor suggestions in the comments. Nice work on the error handling! Looking forward to hearing from you. See you soon,",ham
"Hello, Good morning, I just wanted to thank you for helping me move last weekend. I really couldn't have done it without your help. Let me buy you lunch to say thanks. Thanks,",ham
"Hello, Amazing anti-aging cream turns back the clock 20 years! Dermatologists hate this one simple trick. Order now and get 50% off plus free shipping! Don't wait!",spam
"Good morning, Here's your weekly digest of top stories. The tech industry saw major developments with new AI regulations. Read the full articles on our website. I appreciate your help. Best,",ham
"Hey, thanks for the recipe you sent last week. I tried making it and it turned out great! The kids absolutely loved it. Do you have any other easy dinner ideas? See you soon,",ham
"Hi, Dear member, our gym will be undergoing renovations starting next month. The pool area will be closed for two weeks but all other facilities remain open. We apologize for any inconvenience. Feel free to call me. Best,",ham
"Hi, Hey, the weather forecast looks great for this weekend. Want to go hiking at the national park? I was thinking we could take the scenic trail that's about 5 miles long. Feel free to call me. See you soon,",ham
"Hi there, Hey, just finished reading that book you recommended. It was fantastic! The plot twist at the end completely caught me off guard. Any other recommendations? Take care,",ham
"Hello everyone, Hi, just wanted to let you know that the family reunion is confirmed for August 15th. We've booked the lakehouse for the weekend. Please let everyone know and bring your favorite dish! Best,",ham
"To Whom It May Concern, Secret investment strategy revealed! Wall Street insiders don't want you to know this. Turn $100 into $50,000 in just 30 days. Click here to learn the method that's making ordinary people rich! Click here now! $?!!",spam
"Hello everyone, Hi, your appointment with Dr. Smith is confirmed for next Monday at 2:30 PM. Please arrive 15 minutes early to complete the paperwork. If you need to reschedule, call us at least 24 hours in advance. Let me know your thoughts. Talk soon,",ham
"DEAR VALUED MEMBER, EARN PASSIVE INCOME OF $3,000 WEEKLY WITH OUR AUTOMATED FOREX SYSTEM. NO TRADING EXPERIENCE REQUIRED. START WITH JUST $50. JOIN OVER 100,000 SUCCESSFUL TRADERS WORLDWIDE! WIRE TRANSFER ONLY. HURRY!",spam
"Hello, Hi, your appointment with Dr. Smith is confirmed for next Monday at 2:30 PM. Please arrive 15 minutes early to complete the paperwork. If you need to reschedule, call us at least 24 hours in advance. Thanks,",ham
"Hey there, Good morning everyone. The quarterly report is ready for review. I've attached the PDF to this email. Please share your feedback by Friday end of day. Have a great day. Best,",ham
"Hey, Hi, I'm writing to confirm our dinner reservation for Friday at 7 PM. The restaurant is at 123 Main Street. They said they can accommodate dietary restrictions, just let them know in advance. Let's discuss this further. Cheers,",ham
"Dear Valued Member, URGENT BUSINESS PROPOSAL: I am Dr. James from Nigeria. I have $15.5 million that I need to transfer out of the country. I will give you 30% of the total if you help me. Reply for details. Risk-free trial. Hurry!",spam
"DEAR LUCKY ONE, ALERT: YOUR BANK ACCOUNT HAS BEEN COMPROMISED. CLICK HERE IMMEDIATELY TO VERIFY YOUR IDENTITY AND SECURE YOUR ACCOUNT. FAILURE TO ACT WITHIN 24 HOURS WILL RESULT IN ACCOUNT SUSPENSION. NO CREDIT CARD REQUIRED. REPLY ASAP!",spam
"Dear Lucky One, BITCOIN ALERT: Invest $250 today and earn $10,000 by next week! Our AI-powered trading bot does all the work for you. Don't miss this once-in-a-lifetime opportunity! Send your bank details. Hurry!",spam
"Hello, Dear Professor, I wanted to confirm my attendance for the research seminar next week. I've prepared a brief summary of my findings so far. Would it be possible to schedule a 15-minute slot for my presentation? Regards,",ham
"Hi, Hi class, the assignment deadline has been extended to next Wednesday. Please make sure to include proper citations and references. Office hours are available on Monday if you need help. Let me know your thoughts. Regards,",ham
Attention! ALERT: Your bank account has been compromised. Click here immediately to verify your identity and secure your account. Failure to act within 24 hours will result in account suspension. Doctor recommended. Act immediately!,spam
"Hello, Thanks for your help with the client presentation yesterday. The client was really impressed with the demo. They've scheduled a follow-up meeting for next Tuesday. Thanks for your time. Talk soon,",ham
"Dear team, Dear member, our gym will be undergoing renovations starting next month. The pool area will be closed for two weeks but all other facilities remain open. We apologize for any inconvenience. I appreciate your help. Best regards,",ham
"Hey there, Dear member, our gym will be undergoing renovations starting next month. The pool area will be closed for two weeks but all other facilities remain open. We apologize for any inconvenience. Don't hesitate to reach out. Best regards,",ham
"Hello, Secret investment strategy revealed! Wall Street insiders don't want you to know this. Turn $100 into $50,000 in just 30 days. Click here to learn the method that's making ordinary people rich! Guaranteed results. This is not a joke!",spam
"Hi, Hey, the weather forecast looks great for this weekend. Want to go hiking at the national park? I was thinking we could take the scenic trail that's about 5 miles long. Best,",ham
"Hi there, Hey, did you see the game last night? What an incredible comeback! That last-minute goal was unbelievable. We should watch the next match together at the sports bar. Thanks for your time. Cheers,",ham
Get a FREE laptop today! No purchase necessary. Simply click the link and enter your email to qualify. This exclusive offer is available for a limited time only. This is not a joke!,spam
"Hello, Hey, I've pushed the latest changes to the feature branch. Could you please review the pull request when you get a chance? The main updates are in the authentication module. Looking forward to hearing from you. See you soon,",ham
"Hey, Reminder: The office will be closed next Monday for the holiday. Please make sure all urgent tasks are completed by Friday. Enjoy the long weekend! Don't hesitate to reach out.",ham
"Hello, Hi team, just a reminder that we have our weekly standup meeting tomorrow at 10 AM. Please prepare your status updates and any blockers you'd like to discuss. See you all in the conference room. Thanks for your time. Cheers,",ham
"Here's your weekly digest of top stories. The tech industry saw major developments with new AI regulations. Read the full articles on our website. Talk soon,",ham
"Good morning, Hi, the landlord sent an email about the building maintenance schedule. They'll be fixing the elevator on Tuesday and the water will be off for 2 hours on Wednesday. Just wanted to give you a heads up. Hope this helps. Best,",ham
"Hey, Hey, thanks for the recipe you sent last week. I tried making it and it turned out great! The kids absolutely loved it. Do you have any other easy dinner ideas? Take care,",ham
"Good morning everyone. The quarterly report is ready for review. I've attached the PDF to this email. Please share your feedback by Friday end of day. See you at the meeting. Take care,",ham
"Hey, Here's your weekly digest of top stories. The tech industry saw major developments with new AI regulations. Read the full articles on our website. Cheers,",ham
"Hello, Your monthly subscription has been renewed successfully. The charge of $9.99 has been applied to your credit card. You can manage your subscription settings in your account. Regards,",ham
"DEAR USER, CRITICAL: YOUR SOCIAL SECURITY NUMBER HAS BEEN COMPROMISED!!! CALL OUR TOLL-FREE NUMBER IMMEDIATELY TO FREEZE YOUR CREDIT. FAILURE TO ACT NOW COULD RESULT IN IDENTITY THEFT!!! CALL OUR TOLL-FREE NUMBER NOW. CLICK HERE NOW!!!",spam
"ATTENTION!!! BREAKTHROUGH: SCIENTISTS DISCOVER MIRACLE CURE FOR BALDNESS!!! REGROW A FULL HEAD OF HAIR IN JUST 2 WEEKS. ORDER YOUR FREE TRIAL BOTTLE TODAY, JUST PAY SHIPPING!!! LIMITED TIME ONLY!!!",spam
"HELLO, URGENT BUSINESS PROPOSAL: I AM DR. JAMES FROM NIGERIA. I HAVE $15.5 MILLION THAT I NEED TO TRANSFER OUT OF THE COUNTRY. I WILL GIVE YOU 30% OF THE TOTAL IF YOU HELP ME. REPLY FOR DETAILS. YOU HAVE BEEN SPECIALLY SELECTED. LIMITED TIME ONLY!!!",spam
"Dear Lucky One, Congratulations! You have been selected as the winner of our international lottery. Click the link below to claim your prize of $1,000,000. This offer expires in 24 hours so act fast! Limited time only!",spam
"Dear Winner, Amazing anti-aging cream turns back the clock 20 years! Dermatologists hate this one simple trick. Order now and get 50% off plus free shipping! Risk-free trial.",spam
"Dear User, Exclusive offer just for you!!! Get 90% off on all luxury handbags. This flash sale ends tonight at midnight. Click here to browse our collection and save big!!! Risk-free trial. Act immediately!!!",spam
"Dear Winner, IMPORTANT: Your Netflix subscription payment failed. Update your billing information now to avoid service interruption. Click here to update your payment method securely. Unsubscribe by clicking here. Hurry!",spam
"Hey there, Hey, I found that old photo album we were looking for. There are some really great pictures from our college days in there. I'll bring it over when I visit next time. Take care,",ham
"Dear team, Hi all, we're organizing a team building event next Thursday. It'll be an escape room challenge followed by dinner. Please RSVP by Wednesday so I can finalize the reservation. Feel free to call me. Cheers,",ham
"Dear Customer, Your email account will be DELETED in 24 hours unless you verify. Click the verification link below to confirm your identity. This is an automated message from the IT security team. Risk-free trial. Hurry!",spam
"HELLO, URGENT: YOUR EMAIL HAS BEEN RANDOMLY SELECTED FOR A CASH PRIZE OF $500,000. TO CLAIM YOUR WINNINGS, REPLY WITH YOUR FULL NAME, ADDRESS, AND BANK DETAILS IMMEDIATELY. DO NOT SHARE THIS EMAIL WITH ANYONE. WIRE TRANSFER ONLY. CLICK HERE NOW!",spam
"Good morning, Thank you for your order! Your package has been shipped and is expected to arrive by Thursday. You can track your delivery using the link in your account. If you have any questions, please contact our support team. Talk soon,",ham
"Congratulations! You have been selected as the winner of our international lottery. Click the link below to claim your prize of $1,000,000. This offer expires in 24 hours so act fast! Call our toll-free number now. Act immediately! *$?",spam
"DEAR LUCKY ONE, LAST CHANCE! YOUR EXCLUSIVE MEMBERSHIP DISCOUNT EXPIRES IN 1 HOUR. SAVE 95% ON PREMIUM SOFTWARE LICENSES TODAY ONLY. THIS DEAL WILL NOT BE REPEATED. ACT NOW OR REGRET FOREVER! 100% GUARANTEED!",spam
"Hello, You've been pre-approved for a $50,000 credit line!!! No credit check required. Apply now by clicking the link below. Limited spots available, first come first served!!! Reply ASAP!!!",spam
"Hello, Get a FREE laptop today!!! No purchase necessary. Simply click the link and enter your email to qualify. This exclusive offer is available for a limited time only. Guaranteed results. Act immediately!!!",spam
"DEAR USER, YOU ARE THE LUCKY WINNER OF OUR WEEKLY SWEEPSTAKES! A SUM OF $250,000 HAS BEEN ALLOCATED TO YOUR NAME. CLICK HERE TO VERIFY YOUR IDENTITY AND RECEIVE YOUR FUNDS WITHIN 48 HOURS. THIS IS NOT A JOKE!",spam
"Hi, Hey, just finished reading that book you recommended. It was fantastic! The plot twist at the end completely caught me off guard. Any other recommendations? Best,",ham
"Dear Customer, Dear Winner, we are pleased to inform you that your email won $750,000 in our annual draw. Send us your personal details to process the payment. This is a one-time opportunity, don't let it slip away! Click here now!",spam
"Dear Lucky One, Secret investment strategy revealed! Wall Street insiders don't want you to know this. Turn $100 into $50,000 in just 30 days. Click here to learn the method that's making ordinary people rich! 100% guaranteed!",spam
"Hey there, Hey, the weather forecast looks great for this weekend. Want to go hiking at the national park? I was thinking we could take the scenic trail that's about 5 miles long. See you soon,",ham
"Dear User, Your PayPal account has been limited due to suspicious activity. Please log in through the secure link below to restore full access. Ignoring this notice will result in permanent account closure. Risk-free trial. This is not a joke!",spam
"Hi, Hi, I'm dropping off the kids at school tomorrow morning. Can you pick them up at 3 PM? I have a dentist appointment that I can't reschedule. Cheers,",ham
"Hello everyone, Hi all, we're organizing a team building event next Thursday. It'll be an escape room challenge followed by dinner. Please RSVP by Wednesday so I can finalize the reservation. Take care,",ham
"Hello, Good morning, I just wanted to thank you for helping me move last weekend. I really couldn't have done it without your help. Let me buy you lunch to say thanks. Best regards,",ham
"Dear Valued Member, AMAZING DEAL: Buy one get three FREE on all designer watches! Use code FREESHIP for free worldwide shipping. Shop now before stocks run out! This offer won't last long. Limited time only!",spam
"Hello, Hey, the weather forecast looks great for this weekend. Want to go hiking at the national park? I was thinking we could take the scenic trail that's about 5 miles long. Feel free to call me. Cheers,",ham
"Hi there, Hi Mom, I'm doing well. Work has been busy but good. I'm planning to visit next month for the holidays. Can't wait to see everyone! Have a great day. Regards,",ham
"DEAR LUCKY ONE, GET BIGGER MUSCLES IN JUST 7 DAYS WITH OUR NEW SUPPLEMENT! USED BY PROFESSIONAL ATHLETES WORLDWIDE. BUY 2 BOTTLES GET 1 FREE. NO SIDE EFFECTS GUARANTEED! THIS IS NOT SPAM.",spam
"Good morning everyone. The quarterly report is ready for review. I've attached the PDF to this email. Please share your feedback by Friday end of day. Hope this helps. Regards,",ham
"To Whom It May Concern, URGENT: Your email has been randomly selected for a cash prize of $500,000. To claim your winnings, reply with your full name, address, and bank details immediately. Do not share this email with anyone. This is NOT spam. Reply ASAP!",spam
"Attention! Make $5,000 per day working from home! No experience needed. Our proven system guarantees results in just 7 days. Join thousands of successful members today! Guaranteed results.",spam
"Hey, Thanks for your help with the client presentation yesterday. The client was really impressed with the demo. They've scheduled a follow-up meeting for next Tuesday. Cheers,",ham
"Dear team, Hi Mom, I'm doing well. Work has been busy but good. I'm planning to visit next month for the holidays. Can't wait to see everyone! See you at the meeting. See you soon,",ham
"DEAR VALUED MEMBER, GET BIGGER MUSCLES IN JUST 7 DAYS WITH OUR NEW SUPPLEMENT! USED BY PROFESSIONAL ATHLETES WORLDWIDE. BUY 2 BOTTLES GET 1 FREE. NO SIDE EFFECTS GUARANTEED! RISK-FREE TRIAL. HURRY!",spam
"Hello, Earn passive income of $3,000 weekly with our automated forex system. No trading experience required. Start with just $50. Join over 100,000 successful traders worldwide! No credit card required. Limited time only! *??",spam
"Hey there, Hi, I'm writing to confirm our dinner reservation for Friday at 7 PM. The restaurant is at 123 Main Street. They said they can accommodate dietary restrictions, just let them know in advance. Hope this helps. See you soon,",ham
"TO WHOM IT MAY CONCERN, IMPORTANT: YOUR NETFLIX SUBSCRIPTION PAYMENT FAILED. UPDATE YOUR BILLING INFORMATION NOW TO AVOID SERVICE INTERRUPTION. CLICK HERE TO UPDATE YOUR PAYMENT METHOD SECURELY. WIRE TRANSFER ONLY. DON'T WAIT!",spam
"Good morning, Dear students, the midterm exam will cover chapters 1 through 7. I've uploaded a practice test on the course portal. Review sessions will be held next Tuesday and Thursday. Feel free to call me. See you soon,",ham
"Dear Valued Member, Congratulations! You have been selected as the winner of our international lottery. Click the link below to claim your prize of $1,000,000. This offer expires in 24 hours so act fast! This is not a joke!",spam
"Dear Winner, CRITICAL: Your social security number has been compromised! Call our toll-free number immediately to freeze your credit. Failure to act now could result in identity theft! 100% guaranteed! *!",spam
"CONGRATULATIONS! You've been chosen to receive a brand new iPhone 15 Pro Max absolutely FREE! Just complete a short survey and provide your shipping address. Hurry, only 10 units left! Reply ASAP!",spam
"URGENT: Your email has been randomly selected for a cash prize of $500,000. To claim your winnings, reply with your full name, address, and bank details immediately. Do not share this email with anyone. This is NOT spam. Limited time only!",spam
"Hey, Hey, I've pushed the latest changes to the feature branch. Could you please review the pull request when you get a chance? The main updates are in the authentication module. Hope this helps. See you soon,",ham
"Hi there, Good morning everyone. The quarterly report is ready for review. I've attached the PDF to this email. Please share your feedback by Friday end of day. Thanks,",ham
YOUR EMAIL ACCOUNT WILL BE DELETED IN 24 HOURS UNLESS YOU VERIFY. CLICK THE VERIFICATION LINK BELOW TO CONFIRM YOUR IDENTITY. THIS IS AN AUTOMATED MESSAGE FROM THE IT SECURITY TEAM. AS SEEN ON TV. HURRY!,spam
Attention! Exclusive offer just for you! Get 90% off on all luxury handbags. This flash sale ends tonight at midnight. Click here to browse our collection and save big! Unsubscribe by clicking here. This is not a joke!,spam
Attention! Amazing anti-aging cream turns back the clock 20 years! Dermatologists hate this one simple trick. Order now and get 50% off plus free shipping!,spam
GREETINGS! URGENT BUSINESS PROPOSAL: I AM DR. JAMES FROM NIGERIA. I HAVE $15.5 MILLION THAT I NEED TO TRANSFER OUT OF THE COUNTRY. I WILL GIVE YOU 30% OF THE TOTAL IF YOU HELP ME. REPLY FOR DETAILS. 100% GUARANTEED!,spam
"DEAR VALUED MEMBER, SECRET INVESTMENT STRATEGY REVEALED! WALL STREET INSIDERS DON'T WANT YOU TO KNOW THIS. TURN $100 INTO $50,000 IN JUST 30 DAYS. CLICK HERE TO LEARN THE METHOD THAT'S MAKING ORDINARY PEOPLE RICH! HURRY!",spam
"Hey, did you see the game last night? What an incredible comeback! That last-minute goal was unbelievable. We should watch the next match together at the sports bar.",ham
Attention! Exclusive offer just for you! Get 90% off on all luxury handbags. This flash sale ends tonight at midnight. Click here to browse our collection and save big! Act immediately!,spam
"Hello, BREAKTHROUGH: Scientists discover miracle cure for baldness! Regrow a full head of hair in just 2 weeks. Order your FREE trial bottle today, just pay shipping! Hurry!",spam
"Good morning, Hi class, the assignment deadline has been extended to next Wednesday. Please make sure to include proper citations and references. Office hours are available on Monday if you need help. Hope this helps. Best,",ham
"Hello, Hey, just finished reading that book you recommended. It was fantastic! The plot twist at the end completely caught me off guard. Any other recommendations? Best regards,",ham
"To Whom It May Concern, You are the lucky winner of our weekly sweepstakes! A sum of $250,000 has been allocated to your name. Click here to verify your identity and receive your funds within 48 hours. Risk-free trial. This is not a joke!",spam
"To Whom It May Concern, CONGRATULATIONS! You've been chosen to receive a brand new iPhone 15 Pro Max absolutely FREE! Just complete a short survey and provide your shipping address. Hurry, only 10 units left! Risk-free trial. Hurry!",spam
"Hi, Here's your weekly digest of top stories. The tech industry saw major developments with new AI regulations. Read the full articles on our website. I appreciate your help. Best regards,",ham
"Hello everyone, Hey, do you have the notes from yesterday's lecture? I had to leave early for a doctor's appointment. I'd really appreciate it if you could share them. Thanks for your time.",ham
"Hi there, Hi Mom, I'm doing well. Work has been busy but good. I'm planning to visit next month for the holidays. Can't wait to see everyone! Thanks for your time. See you soon,",ham
"Dear User, Your email account will be DELETED in 24 hours unless you verify. Click the verification link below to confirm your identity. This is an automated message from the IT security team.",spam
"Good morning, Thank you for your order! Your package has been shipped and is expected to arrive by Thursday. You can track your delivery using the link in your account. If you have any questions, please contact our support team. Looking forward to hearing from you. Cheers,",ham
"Hey, Hey, the weather forecast looks great for this weekend. Want to go hiking at the national park? I was thinking we could take the scenic trail that's about 5 miles long. Feel free to call me. Best regards,",ham
"Hey there, Hi, the landlord sent an email about the building maintenance schedule. They'll be fixing the elevator on Tuesday and the water will be off for 2 hours on Wednesday. Just wanted to give you a heads up. Best regards,",ham
"Hello, Happy birthday! Hope you have an amazing day filled with joy and happiness. Wishing you all the best for the year ahead. Let's celebrate this weekend! See you at the meeting. Cheers,",ham
"Dear Valued Member, Dear customer, your Amazon order #38291 has been placed successfully. If you did not make this purchase of $899.99, click here to cancel immediately. Your account security is our top priority. You have been specially selected. Click here now!",spam
"Hello everyone, Hey, the weather forecast looks great for this weekend. Want to go hiking at the national park? I was thinking we could take the scenic trail that's about 5 miles long. Have a great day. Regards,",ham
Attention! Your PayPal account has been limited due to suspicious activity. Please log in through the secure link below to restore full access. Ignoring this notice will result in permanent account closure. This is not a joke!,spam
"Dear team, Hi, I'm dropping off the kids at school tomorrow morning. Can you pick them up at 3 PM? I have a dentist appointment that I can't reschedule. Talk soon,",ham
"Hello, Hi, I wanted to follow up on our discussion about the new project timeline. I've updated the Gantt chart with the revised milestones. Let me know if the dates work for your team. Looking forward to hearing from you. Talk soon,",ham
"Hi, Dear Professor, I wanted to confirm my attendance for the research seminar next week. I've prepared a brief summary of my findings so far. Would it be possible to schedule a 15-minute slot for my presentation? Looking forward to hearing from you. Talk soon,",ham
"Hello, You've been pre-approved for a $50,000 credit line!!! No credit check required. Apply now by clicking the link below. Limited spots available, first come first served!!! Send your bank details. Limited time only!!!",spam
"Dear team, Hi Mom, I'm doing well. Work has been busy but good. I'm planning to visit next month for the holidays. Can't wait to see everyone! Feel free to call me. See you soon,",ham
"HELLO, FINAL WARNING: YOUR COMPUTER HAS BEEN INFECTED WITH 47 VIRUSES! DOWNLOAD OUR SECURITY SOFTWARE IMMEDIATELY TO PROTECT YOUR DATA. CLICK HERE FOR A FREE EMERGENCY SCAN RIGHT NOW! SEND YOUR BANK DETAILS. DON'T WAIT!",spam
"DEAR FRIEND, SECRET INVESTMENT STRATEGY REVEALED! WALL STREET INSIDERS DON'T WANT YOU TO KNOW THIS. TURN $100 INTO $50,000 IN JUST 30 DAYS. CLICK HERE TO LEARN THE METHOD THAT'S MAKING ORDINARY PEOPLE RICH! UNSUBSCRIBE BY CLICKING HERE. 100% GUARANTEED!",spam
"Happy birthday! Hope you have an amazing day filled with joy and happiness. Wishing you all the best for the year ahead. Let's celebrate this weekend! See you soon,",ham
"BITCOIN ALERT: Invest $250 today and earn $10,000 by next week!!! Our AI-powered trading bot does all the work for you. Don't miss this once-in-a-lifetime opportunity!!! Doctor recommended. This is not a joke!!!",spam
"Hi, I've completed the code review for the API endpoints. Overall it looks great, just a few minor suggestions in the comments. Nice work on the error handling! Have a great day. Regards,",ham
"Hello, Secret investment strategy revealed!!! Wall Street insiders don't want you to know this. Turn $100 into $50,000 in just 30 days. Click here to learn the method that's making ordinary people rich!!! Call our toll-free number now. Click here now!!!",spam
"Hello everyone, Hey, I saw the photos from your vacation. Looks like you had an amazing time! Where exactly did you stay? I'd love to plan a similar trip. We should catch up soon and you can tell me all about it. Best regards,",ham
"Hi class, the assignment deadline has been extended to next Wednesday. Please make sure to include proper citations and references. Office hours are available on Monday if you need help. Feel free to call me. Best regards,",ham
Reminder: The office will be closed next Monday for the holiday. Please make sure all urgent tasks are completed by Friday. Enjoy the long weekend! Have a great day.,ham
"Hello, Hi class, the assignment deadline has been extended to next Wednesday. Please make sure to include proper citations and references. Office hours are available on Monday if you need help. Have a great day. Regards,",ham
Greetings!!! Last chance!!! Your exclusive membership discount expires in 1 hour. Save 95% on premium software licenses today only. This deal will NOT be repeated. Act now or regret forever!!! You have been specially selected. Hurry!!! $??*,spam
"Hello, BITCOIN ALERT: Invest $250 today and earn $10,000 by next week! Our AI-powered trading bot does all the work for you. Don't miss this once-in-a-lifetime opportunity!",spam
"Hey there, Hi team, just a reminder that we have our weekly standup meeting tomorrow at 10 AM. Please prepare your status updates and any blockers you'd like to discuss. See you all in the conference room. I appreciate your help. Best regards,",ham
"Good morning, Reminder: The office will be closed next Monday for the holiday. Please make sure all urgent tasks are completed by Friday. Enjoy the long weekend! Don't hesitate to reach out. Best regards,",ham
"Hello, ATTENTION: You have an unclaimed tax refund of $3,247.00! File your claim online within 48 hours or the refund will be forfeited. Click here to submit your banking details for direct deposit. Act immediately! *!$$*",spam
"Dear Lucky One, URGENT: Your email has been randomly selected for a cash prize of $500,000. To claim your winnings, reply with your full name, address, and bank details immediately. Do not share this email with anyone. Call our toll-free number now. Reply ASAP!!! ??$?!",spam
"Hi, Hey, did you see the game last night? What an incredible comeback! That last-minute goal was unbelievable. We should watch the next match together at the sports bar. Feel free to call me. See you soon,",ham
"Dear Lucky One, FREE trial of our premium weight loss supplement! Lose 30 pounds in 30 days guaranteed or your money back. Order now and pay only shipping and handling. Reply with YES to confirm. Click here now!",spam
"Hi, Hi, I wanted to follow up on our discussion about the new project timeline. I've updated the Gantt chart with the revised milestones. Let me know if the dates work for your team. Best,",ham
"TO WHOM IT MAY CONCERN, IMPORTANT: YOUR NETFLIX SUBSCRIPTION PAYMENT FAILED. UPDATE YOUR BILLING INFORMATION NOW TO AVOID SERVICE INTERRUPTION. CLICK HERE TO UPDATE YOUR PAYMENT METHOD SECURELY. AS SEEN ON TV. 100% GUARANTEED! ??!",spam
"DEAR WINNER, LAST CHANCE! YOUR EXCLUSIVE MEMBERSHIP DISCOUNT EXPIRES IN 1 HOUR. SAVE 95% ON PREMIUM SOFTWARE LICENSES TODAY ONLY. THIS DEAL WILL NOT BE REPEATED. ACT NOW OR REGRET FOREVER! CLICK HERE NOW!",spam
"Hi there, Happy birthday! Hope you have an amazing day filled with joy and happiness. Wishing you all the best for the year ahead. Let's celebrate this weekend! Have a great day. Regards,",ham
"Dear User, Lose weight fast with our revolutionary diet pill! Celebrities are raving about this amazing product. Get your 30-day supply FREE. Limited stock available! Forward this to 10 friends. Don't wait!",spam
"Dear Winner, Buy discount medications online!!! Up to 80% off on all prescriptions. No prescription needed. Fast discreet shipping worldwide. Order now and get free bonus pills!!! Hurry!!!",spam
"Hi there, Hey, just finished reading that book you recommended. It was fantastic! The plot twist at the end completely caught me off guard. Any other recommendations?",ham
"Hi, just wanted to let you know that the family reunion is confirmed for August 15th. We've booked the lakehouse for the weekend. Please let everyone know and bring your favorite dish! I appreciate your help. Take care,",ham
"Dear team, Hi, I'm dropping off the kids at school tomorrow morning. Can you pick them up at 3 PM? I have a dentist appointment that I can't reschedule. Don't hesitate to reach out. Regards,",ham
"Hello everyone, Hi, I'm writing to confirm our dinner reservation for Friday at 7 PM. The restaurant is at 123 Main Street. They said they can accommodate dietary restrictions, just let them know in advance. I appreciate your help. Best,",ham
"Dear team, Reminder: The office will be closed next Monday for the holiday. Please make sure all urgent tasks are completed by Friday. Enjoy the long weekend! Let's discuss this further. Thanks,",ham
"Dear Lucky One, BREAKTHROUGH: Scientists discover miracle cure for baldness! Regrow a full head of hair in just 2 weeks. Order your FREE trial bottle today, just pay shipping! Act immediately! *!$$",spam
"Hey, Hey, I saw the photos from your vacation. Looks like you had an amazing time! Where exactly did you stay? I'd love to plan a similar trip. We should catch up soon and you can tell me all about it. Looking forward to hearing from you. See you soon,",ham
"Dear Customer, Your email account will be DELETED in 24 hours unless you verify. Click the verification link below to confirm your identity. This is an automated message from the IT security team. This is not a joke! !*!?*",spam
"Hey there, Hey, did you see the game last night? What an incredible comeback! That last-minute goal was unbelievable. We should watch the next match together at the sports bar. Let me know your thoughts. Take care,",ham
"Hello, BREAKTHROUGH: Scientists discover miracle cure for baldness! Regrow a full head of hair in just 2 weeks. Order your FREE trial bottle today, just pay shipping! This offer won't last long. Act immediately!",spam
Greetings! Lose weight fast with our revolutionary diet pill! Celebrities are raving about this amazing product. Get your 30-day supply FREE. Limited stock available! This is NOT spam. Reply ASAP!,spam
"Hey there, Reminder: The office will be closed next Monday for the holiday. Please make sure all urgent tasks are completed by Friday. Enjoy the long weekend! Don't hesitate to reach out.",ham
"Dear User, You are the lucky winner of our weekly sweepstakes! A sum of $250,000 has been allocated to your name. Click here to verify your identity and receive your funds within 48 hours. No credit card required. Don't wait!",spam
"Hello, Your email account will be DELETED in 24 hours unless you verify. Click the verification link below to confirm your identity. This is an automated message from the IT security team. Guaranteed results. Don't wait!",spam
"DEAR FRIEND, YOUR PAYPAL ACCOUNT HAS BEEN LIMITED DUE TO SUSPICIOUS ACTIVITY. PLEASE LOG IN THROUGH THE SECURE LINK BELOW TO RESTORE FULL ACCESS. IGNORING THIS NOTICE WILL RESULT IN PERMANENT ACCOUNT CLOSURE. HURRY!!!",spam
"Dear Winner, CONGRATULATIONS! You've been chosen to receive a brand new iPhone 15 Pro Max absolutely FREE! Just complete a short survey and provide your shipping address. Hurry, only 10 units left! Risk-free trial. Limited time only!",spam
"DEAR VALUED MEMBER, BUY DISCOUNT MEDICATIONS ONLINE! UP TO 80% OFF ON ALL PRESCRIPTIONS. NO PRESCRIPTION NEEDED. FAST DISCREET SHIPPING WORLDWIDE. ORDER NOW AND GET FREE BONUS PILLS! REPLY ASAP!",spam
"Hey there, Here's your weekly digest of top stories. The tech industry saw major developments with new AI regulations. Read the full articles on our website. Don't hesitate to reach out. Talk soon,",ham
"Hi there, Hi, your appointment with Dr. Smith is confirmed for next Monday at 2:30 PM. Please arrive 15 minutes early to complete the paperwork. If you need to reschedule, call us at least 24 hours in advance. Take care,",ham
"Dear team, Hi team, just a reminder that we have our weekly standup meeting tomorrow at 10 AM. Please prepare your status updates and any blockers you'd like to discuss. See you all in the conference room. Have a great day. See you soon,",ham
"DEAR FRIEND, AMAZING DEAL: BUY ONE GET THREE FREE ON ALL DESIGNER WATCHES! USE CODE FREESHIP FOR FREE WORLDWIDE SHIPPING. SHOP NOW BEFORE STOCKS RUN OUT! THIS IS NOT SPAM. LIMITED TIME ONLY! ?!?",spam
"DEAR FRIEND, YOU ARE THE LUCKY WINNER OF OUR WEEKLY SWEEPSTAKES! A SUM OF $250,000 HAS BEEN ALLOCATED TO YOUR NAME. CLICK HERE TO VERIFY YOUR IDENTITY AND RECEIVE YOUR FUNDS WITHIN 48 HOURS. THIS IS NOT A JOKE! *$?",spam
"Good morning, Here's your weekly digest of top stories. The tech industry saw major developments with new AI regulations. Read the full articles on our website. Regards,",ham
"Good morning, Dear Professor, I wanted to confirm my attendance for the research seminar next week. I've prepared a brief summary of my findings so far. Would it be possible to schedule a 15-minute slot for my presentation? See you soon,",ham
"DEAR VALUED MEMBER, YOUR EMAIL ACCOUNT WILL BE DELETED IN 24 HOURS UNLESS YOU VERIFY. CLICK THE VERIFICATION LINK BELOW TO CONFIRM YOUR IDENTITY. THIS IS AN AUTOMATED MESSAGE FROM THE IT SECURITY TEAM. THIS OFFER WON'T LAST LONG.",spam
Attention!!! Buy discount medications online!!! Up to 80% off on all prescriptions. No prescription needed. Fast discreet shipping worldwide. Order now and get free bonus pills!!! Send your bank details. Don't wait!!!,spam
"Hello, Good afternoon. The server migration is scheduled for this Saturday at 2 AM. Expected downtime is approximately 4 hours. I'll send out notifications to all affected users. Cheers,",ham
"Hello, Hi class, the assignment deadline has been extended to next Wednesday. Please make sure to include proper citations and references. Office hours are available on Monday if you need help. Best regards,",ham
"Hello everyone, Your monthly subscription has been renewed successfully. The charge of $9.99 has been applied to your credit card. You can manage your subscription settings in your account. Regards,",ham
"Hey there, Hi class, the assignment deadline has been extended to next Wednesday. Please make sure to include proper citations and references. Office hours are available on Monday if you need help. Take care,",ham
"YOU'VE BEEN PRE-APPROVED FOR A $50,000 CREDIT LINE! NO CREDIT CHECK REQUIRED. APPLY NOW BY CLICKING THE LINK BELOW. LIMITED SPOTS AVAILABLE, FIRST COME FIRST SERVED! CLICK HERE NOW!",spam
"Dear team, Hey, do you have the notes from yesterday's lecture? I had to leave early for a doctor's appointment. I'd really appreciate it if you could share them. Have a great day. Best,",ham
"Hey there, Hi, I wanted to share this interesting article about sustainable energy. It discusses how solar panel efficiency has improved by 40% in the last decade. Thought you might find it relevant for your research. Looking forward to hearing from you. Take care,",ham
"Dear Customer, Dear Winner, we are pleased to inform you that your email won $750,000 in our annual draw. Send us your personal details to process the payment. This is a one-time opportunity, don't let it slip away! Forward this to 10 friends. Act immediately!",spam
Exclusive offer just for you! Get 90% off on all luxury handbags. This flash sale ends tonight at midnight. Click here to browse our collection and save big! This offer won't last long. This is not a joke!,spam
"Hello everyone, Good morning, I just wanted to thank you for helping me move last weekend. I really couldn't have done it without your help. Let me buy you lunch to say thanks. Best regards,",ham
"Hey there, Happy birthday! Hope you have an amazing day filled with joy and happiness. Wishing you all the best for the year ahead. Let's celebrate this weekend! I appreciate your help. Take care,",ham
"Hi, Hi class, the assignment deadline has been extended to next Wednesday. Please make sure to include proper citations and references. Office hours are available on Monday if you need help. Best,",ham
"Hey there, Here's your weekly digest of top stories. The tech industry saw major developments with new AI regulations. Read the full articles on our website. See you at the meeting. Regards,",ham
"Hi, I wanted to share this interesting article about sustainable energy. It discusses how solar panel efficiency has improved by 40% in the last decade. Thought you might find it relevant for your research. Let me know your thoughts. Take care,",ham
"Thank you for your order! Your package has been shipped and is expected to arrive by Thursday. You can track your delivery using the link in your account. If you have any questions, please contact our support team. Let me know your thoughts. See you soon,",ham
"Hi, Good morning everyone. The quarterly report is ready for review. I've attached the PDF to this email. Please share your feedback by Friday end of day. Take care,",ham
"DEAR CUSTOMER, DEAR CUSTOMER, YOUR AMAZON ORDER #38291 HAS BEEN PLACED SUCCESSFULLY. IF YOU DID NOT MAKE THIS PURCHASE OF $899.99, CLICK HERE TO CANCEL IMMEDIATELY. YOUR ACCOUNT SECURITY IS OUR TOP PRIORITY. NO CREDIT CARD REQUIRED.",spam
"Hi there, Hi, I wanted to follow up on our discussion about the new project timeline. I've updated the Gantt chart with the revised milestones. Let me know if the dates work for your team. Looking forward to hearing from you. See you soon,",ham
"Hey, the weather forecast looks great for this weekend. Want to go hiking at the national park? I was thinking we could take the scenic trail that's about 5 miles long. Don't hesitate to reach out. Best,",ham
Greetings! Get bigger muscles in just 7 days with our new supplement! Used by professional athletes worldwide. Buy 2 bottles get 1 FREE. No side effects guaranteed! Doctor recommended.,spam
"Dear Friend, Earn passive income of $3,000 weekly with our automated forex system. No trading experience required. Start with just $50. Join over 100,000 successful traders worldwide! Send your bank details. Reply ASAP!",spam
"Dear team, Hi class, the assignment deadline has been extended to next Wednesday. Please make sure to include proper citations and references. Office hours are available on Monday if you need help. Looking forward to hearing from you. Regards,",ham
"Hi, Hey, do you have the notes from yesterday's lecture? I had to leave early for a doctor's appointment. I'd really appreciate it if you could share them. Cheers,",ham
"Hi, Hi, I'm writing to confirm our dinner reservation for Friday at 7 PM. The restaurant is at 123 Main Street. They said they can accommodate dietary restrictions, just let them know in advance. Don't hesitate to reach out. See you soon,",ham
AMAZING ANTI-AGING CREAM TURNS BACK THE CLOCK 20 YEARS! DERMATOLOGISTS HATE THIS ONE SIMPLE TRICK. ORDER NOW AND GET 50% OFF PLUS FREE SHIPPING! RISK-FREE TRIAL. 100% GUARANTEED!,spam
"Dear Friend, FREE trial of our premium weight loss supplement! Lose 30 pounds in 30 days guaranteed or your money back. Order now and pay only shipping and handling. No credit card required. This is not a joke!",spam
"Dear team, Hi, just wanted to let you know that the family reunion is confirmed for August 15th. We've booked the lakehouse for the weekend. Please let everyone know and bring your favorite dish! Feel free to call me. Best regards,",ham
"Hey, did you see the game last night? What an incredible comeback! That last-minute goal was unbelievable. We should watch the next match together at the sports bar. Have a great day. Take care,",ham
"Hey, Hey, the weather forecast looks great for this weekend. Want to go hiking at the national park? I was thinking we could take the scenic trail that's about 5 miles long. Best,",ham
"Dear Lucky One, URGENT BUSINESS PROPOSAL: I am Dr. James from Nigeria. I have $15.5 million that I need to transfer out of the country. I will give you 30% of the total if you help me. Reply for details. Hurry! *?$*",spam
"DEAR CUSTOMER, LOSE WEIGHT FAST WITH OUR REVOLUTIONARY DIET PILL! CELEBRITIES ARE RAVING ABOUT THIS AMAZING PRODUCT. GET YOUR 30-DAY SUPPLY FREE. LIMITED STOCK AVAILABLE! AS SEEN ON TV. REPLY ASAP!",spam
"Hey, the weather forecast looks great for this weekend. Want to go hiking at the national park? I was thinking we could take the scenic trail that's about 5 miles long. See you at the meeting. Best regards,",ham
"Dear team, Hey, just finished reading that book you recommended. It was fantastic! The plot twist at the end completely caught me off guard. Any other recommendations? See you soon,",ham
"Dear Friend, ATTENTION: You have an unclaimed tax refund of $3,247.00! File your claim online within 48 hours or the refund will be forfeited. Click here to submit your banking details for direct deposit. Call our toll-free number now. Act immediately!",spam
"Good morning, Reminder: The office will be closed next Monday for the holiday. Please make sure all urgent tasks are completed by Friday. Enjoy the long weekend! Let me know your thoughts. See you soon,",ham
"Greetings! ATTENTION: You have an unclaimed tax refund of $3,247.00! File your claim online within 48 hours or the refund will be forfeited. Click here to submit your banking details for direct deposit. Call our toll-free number now. Limited time only!",spam
"Dear Winner, FINAL WARNING: Your computer has been infected with 47 viruses!!! Download our security software immediately to protect your data. Click here for a FREE emergency scan right now!!! Click here now!!!",spam
"Hi, Hi, your appointment with Dr. Smith is confirmed for next Monday at 2:30 PM. Please arrive 15 minutes early to complete the paperwork. If you need to reschedule, call us at least 24 hours in advance. Regards,",ham
"Attention! Earn passive income of $3,000 weekly with our automated forex system. No trading experience required. Start with just $50. Join over 100,000 successful traders worldwide! Act immediately! *?",spam
"HELLO, SECRET INVESTMENT STRATEGY REVEALED! WALL STREET INSIDERS DON'T WANT YOU TO KNOW THIS. TURN $100 INTO $50,000 IN JUST 30 DAYS. CLICK HERE TO LEARN THE METHOD THAT'S MAKING ORDINARY PEOPLE RICH! FORWARD THIS TO 10 FRIENDS. 100% GUARANTEED!",spam
"Hi, I've completed the code review for the API endpoints. Overall it looks great, just a few minor suggestions in the comments. Nice work on the error handling! See you soon,",ham
"Make $5,000 per day working from home! No experience needed. Our proven system guarantees results in just 7 days. Join thousands of successful members today! Limited time only!",spam
"Good morning, Hey, do you have the notes from yesterday's lecture? I had to leave early for a doctor's appointment. I'd really appreciate it if you could share them. Take care,",ham
"Dear team, Hi all, we're organizing a team building event next Thursday. It'll be an escape room challenge followed by dinner. Please RSVP by Wednesday so I can finalize the reservation. Regards,",ham
Attention! Lose weight fast with our revolutionary diet pill! Celebrities are raving about this amazing product. Get your 30-day supply FREE. Limited stock available! Hurry! !!?$!,spam
"Hello, Hey, I've pushed the latest changes to the feature branch. Could you please review the pull request when you get a chance? The main updates are in the authentication module.",ham
"DEAR VALUED MEMBER, GET BIGGER MUSCLES IN JUST 7 DAYS WITH OUR NEW SUPPLEMENT! USED BY PROFESSIONAL ATHLETES WORLDWIDE. BUY 2 BOTTLES GET 1 FREE. NO SIDE EFFECTS GUARANTEED! UNSUBSCRIBE BY CLICKING HERE. LIMITED TIME ONLY!",spam
"Hi, Hi, the landlord sent an email about the building maintenance schedule. They'll be fixing the elevator on Tuesday and the water will be off for 2 hours on Wednesday. Just wanted to give you a heads up. See you at the meeting. Cheers,",ham
"Hello everyone, Hi all, we're organizing a team building event next Thursday. It'll be an escape room challenge followed by dinner. Please RSVP by Wednesday so I can finalize the reservation. Thanks,",ham
"Hello, Your monthly subscription has been renewed successfully. The charge of $9.99 has been applied to your credit card. You can manage your subscription settings in your account. Hope this helps. Cheers,",ham
"Hi there, Hey! How are you doing? It's been a while since we caught up. Want to grab coffee this weekend? Let me know what works for you. Have a great day. Talk soon,",ham
"Hi, Hi, I'm writing to confirm our dinner reservation for Friday at 7 PM. The restaurant is at 123 Main Street. They said they can accommodate dietary restrictions, just let them know in advance. Don't hesitate to reach out. Regards,",ham
"Good morning everyone. The quarterly report is ready for review. I've attached the PDF to this email. Please share your feedback by Friday end of day. Hope this helps. Regards,",ham
"Hi, the landlord sent an email about the building maintenance schedule. They'll be fixing the elevator on Tuesday and the water will be off for 2 hours on Wednesday. Just wanted to give you a heads up. Let me know your thoughts. Best,",ham
"Hi all, we're organizing a team building event next Thursday. It'll be an escape room challenge followed by dinner. Please RSVP by Wednesday so I can finalize the reservation. Feel free to call me. Regards,",ham
"Dear Lucky One, URGENT: Your email has been randomly selected for a cash prize of $500,000. To claim your winnings, reply with your full name, address, and bank details immediately. Do not share this email with anyone. You have been specially selected. Click here now!",spam
"Hello, Hey! How are you doing? It's been a while since we caught up. Want to grab coffee this weekend? Let me know what works for you.",ham
"To Whom It May Concern, Buy discount medications online! Up to 80% off on all prescriptions. No prescription needed. Fast discreet shipping worldwide. Order now and get free bonus pills! Forward this to 10 friends. This is not a joke!",spam
"Dear Customer, Exclusive offer just for you! Get 90% off on all luxury handbags. This flash sale ends tonight at midnight. Click here to browse our collection and save big! Risk-free trial. Hurry! ?*!$*",spam
"Hey there, Good afternoon. The server migration is scheduled for this Saturday at 2 AM. Expected downtime is approximately 4 hours. I'll send out notifications to all affected users. Feel free to call me. Best regards,",ham
"Hey, Good morning, I just wanted to thank you for helping me move last weekend. I really couldn't have done it without your help. Let me buy you lunch to say thanks. Talk soon,",ham
"Hi, I wanted to share this interesting article about sustainable energy. It discusses how solar panel efficiency has improved by 40% in the last decade. Thought you might find it relevant for your research. Don't hesitate to reach out. Cheers,",ham
"Hey there, Hey, just finished reading that book you recommended. It was fantastic! The plot twist at the end completely caught me off guard. Any other recommendations? Have a great day. Best,",ham
"Hi, I wanted to share this interesting article about sustainable energy. It discusses how solar panel efficiency has improved by 40% in the last decade. Thought you might find it relevant for your research. I appreciate your help. Regards,",ham
"Hi, Dear Professor, I wanted to confirm my attendance for the research seminar next week. I've prepared a brief summary of my findings so far. Would it be possible to schedule a 15-minute slot for my presentation? Feel free to call me. Take care,",ham
"Hello everyone, Hi team, just a reminder that we have our weekly standup meeting tomorrow at 10 AM. Please prepare your status updates and any blockers you'd like to discuss. See you all in the conference room. Thanks,",ham
"Dear User, WARNING: Unusual sign-in activity detected on your Microsoft account. Someone tried to access your account from Russia. Click here to change your password and enable two-factor authentication. Buy now pay later. This is not a joke!!!",spam
"Dear Valued Member, CRITICAL: Your social security number has been compromised! Call our toll-free number immediately to freeze your credit. Failure to act now could result in identity theft! Buy now pay later.",spam
"Hey there, Hi, I wanted to follow up on our discussion about the new project timeline. I've updated the Gantt chart with the revised milestones. Let me know if the dates work for your team. Thanks for your time.",ham
"Hello everyone, Dear students, the midterm exam will cover chapters 1 through 7. I've uploaded a practice test on the course portal. Review sessions will be held next Tuesday and Thursday. Talk soon,",ham
"Dear User, CRITICAL: Your social security number has been compromised! Call our toll-free number immediately to freeze your credit. Failure to act now could result in identity theft! No credit card required.",spam
"Hey, I saw the photos from your vacation. Looks like you had an amazing time! Where exactly did you stay? I'd love to plan a similar trip. We should catch up soon and you can tell me all about it. Looking forward to hearing from you.",ham
GREETINGS!!! URGENT BUSINESS PROPOSAL: I AM DR. JAMES FROM NIGERIA. I HAVE $15.5 MILLION THAT I NEED TO TRANSFER OUT OF THE COUNTRY. I WILL GIVE YOU 30% OF THE TOTAL IF YOU HELP ME. REPLY FOR DETAILS. RISK-FREE TRIAL. DON'T WAIT!!!,spam
"Dear Winner, Amazing anti-aging cream turns back the clock 20 years! Dermatologists hate this one simple trick. Order now and get 50% off plus free shipping! Guaranteed results. Hurry!",spam
"Dear User, CRITICAL: Your social security number has been compromised! Call our toll-free number immediately to freeze your credit. Failure to act now could result in identity theft! Wire transfer only. 100% guaranteed!",spam
"Thanks for your help with the client presentation yesterday. The client was really impressed with the demo. They've scheduled a follow-up meeting for next Tuesday. Talk soon,",ham
"DEAR VALUED MEMBER, FINAL WARNING: YOUR COMPUTER HAS BEEN INFECTED WITH 47 VIRUSES! DOWNLOAD OUR SECURITY SOFTWARE IMMEDIATELY TO PROTECT YOUR DATA. CLICK HERE FOR A FREE EMERGENCY SCAN RIGHT NOW! THIS IS NOT A JOKE!",spam
"DEAR VALUED MEMBER, URGENT: YOUR EMAIL HAS BEEN RANDOMLY SELECTED FOR A CASH PRIZE OF $500,000. TO CLAIM YOUR WINNINGS, REPLY WITH YOUR FULL NAME, ADDRESS, AND BANK DETAILS IMMEDIATELY. DO NOT SHARE THIS EMAIL WITH ANYONE. LIMITED TIME ONLY!",spam
"Hello, Dear customer, your Amazon order #38291 has been placed successfully. If you did not make this purchase of $899.99, click here to cancel immediately. Your account security is our top priority. Forward this to 10 friends. Don't wait! $$",spam
"Good morning, Reminder: The office will be closed next Monday for the holiday. Please make sure all urgent tasks are completed by Friday. Enjoy the long weekend! Best,",ham
"Hey, Hey, the weather forecast looks great for this weekend. Want to go hiking at the national park? I was thinking we could take the scenic trail that's about 5 miles long. Hope this helps. Best,",ham
"Attention!!! Congratulations!!! You have been selected as the winner of our international lottery. Click the link below to claim your prize of $1,000,000. This offer expires in 24 hours so act fast!!! No credit card required. Act immediately!!! $?",spam
"Hello everyone, Your monthly subscription has been renewed successfully. The charge of $9.99 has been applied to your credit card. You can manage your subscription settings in your account. Cheers,",ham
"Attention!!! Make $5,000 per day working from home!!! No experience needed. Our proven system guarantees results in just 7 days. Join thousands of successful members today!!! Guaranteed results. Reply ASAP!!!",spam
"To Whom It May Concern, Congratulations! You have been selected as the winner of our international lottery. Click the link below to claim your prize of $1,000,000. This offer expires in 24 hours so act fast! You have been specially selected. Click here now!",spam
"Hey there, Hi, I wanted to follow up on our discussion about the new project timeline. I've updated the Gantt chart with the revised milestones. Let me know if the dates work for your team. Looking forward to hearing from you. Talk soon,",ham
"Good morning, Happy birthday! Hope you have an amazing day filled with joy and happiness. Wishing you all the best for the year ahead. Let's celebrate this weekend! Regards,",ham
"Dear Winner, Earn passive income of $3,000 weekly with our automated forex system. No trading experience required. Start with just $50. Join over 100,000 successful traders worldwide!",spam
"DEAR LUCKY ONE, WARNING: UNUSUAL SIGN-IN ACTIVITY DETECTED ON YOUR MICROSOFT ACCOUNT. SOMEONE TRIED TO ACCESS YOUR ACCOUNT FROM RUSSIA. CLICK HERE TO CHANGE YOUR PASSWORD AND ENABLE TWO-FACTOR AUTHENTICATION. REPLY ASAP!",spam
"Hello everyone, Hey! How are you doing? It's been a while since we caught up. Want to grab coffee this weekend? Let me know what works for you. Thanks for your time. Best,",ham
Greetings! FINAL WARNING: Your computer has been infected with 47 viruses! Download our security software immediately to protect your data. Click here for a FREE emergency scan right now! This is not a joke!,spam
"Hello everyone, Thanks for your help with the client presentation yesterday. The client was really impressed with the demo. They've scheduled a follow-up meeting for next Tuesday. Talk soon,",ham
"Dear Winner, Your email account will be DELETED in 24 hours unless you verify. Click the verification link below to confirm your identity. This is an automated message from the IT security team. 100% guaranteed!",spam
Buy discount medications online!!! Up to 80% off on all prescriptions. No prescription needed. Fast discreet shipping worldwide. Order now and get free bonus pills!!! Forward this to 10 friends.,spam
"Good morning, Hi, just wanted to let you know that the family reunion is confirmed for August 15th. We've booked the lakehouse for the weekend. Please let everyone know and bring your favorite dish! Regards,",ham
"Hello everyone, Hi, I've completed the code review for the API endpoints. Overall it looks great, just a few minor suggestions in the comments. Nice work on the error handling! Cheers,",ham
LAST CHANCE! YOUR EXCLUSIVE MEMBERSHIP DISCOUNT EXPIRES IN 1 HOUR. SAVE 95% ON PREMIUM SOFTWARE LICENSES TODAY ONLY. THIS DEAL WILL NOT BE REPEATED. ACT NOW OR REGRET FOREVER! $*,spam
"Dear Valued Member, Congratulations! You have been selected as the winner of our international lottery. Click the link below to claim your prize of $1,000,000. This offer expires in 24 hours so act fast!",spam
"Hello, Hi, I wanted to follow up on our discussion about the new project timeline. I've updated the Gantt chart with the revised milestones. Let me know if the dates work for your team. Let's discuss this further. Talk soon,",ham
"Hi there, Hi, your appointment with Dr. Smith is confirmed for next Monday at 2:30 PM. Please arrive 15 minutes early to complete the paperwork. If you need to reschedule, call us at least 24 hours in advance. Thanks for your time. Take care,",ham
"Hi, I'm dropping off the kids at school tomorrow morning. Can you pick them up at 3 PM? I have a dentist appointment that I can't reschedule. Have a great day. See you soon,",ham
"Good morning, Hey, I saw the photos from your vacation. Looks like you had an amazing time! Where exactly did you stay? I'd love to plan a similar trip. We should catch up soon and you can tell me all about it. Let's discuss this further. Best,",ham
"Hello, Hey, I've pushed the latest changes to the feature branch. Could you please review the pull request when you get a chance? The main updates are in the authentication module. Let me know your thoughts. See you soon,",ham
Greetings!!! CRITICAL: Your social security number has been compromised!!! Call our toll-free number immediately to freeze your credit. Failure to act now could result in identity theft!!! Forward this to 10 friends. Act immediately!!!,spam
"DEAR USER, CONGRATULATIONS! YOU'VE BEEN CHOSEN TO RECEIVE A BRAND NEW IPHONE 15 PRO MAX ABSOLUTELY FREE! JUST COMPLETE A SHORT SURVEY AND PROVIDE YOUR SHIPPING ADDRESS. HURRY, ONLY 10 UNITS LEFT! LIMITED TIME ONLY!",spam
"Hi there, Hey, the weather forecast looks great for this weekend. Want to go hiking at the national park? I was thinking we could take the scenic trail that's about 5 miles long. Thanks for your time. Thanks,",ham
"Dear Friend, URGENT: Your email has been randomly selected for a cash prize of $500,000. To claim your winnings, reply with your full name, address, and bank details immediately. Do not share this email with anyone. Reply with YES to confirm. 100% guaranteed! *?",spam
"Hello everyone, Hi, I've completed the code review for the API endpoints. Overall it looks great, just a few minor suggestions in the comments. Nice work on the error handling!",ham
"Dear Lucky One, Make $5,000 per day working from home! No experience needed. Our proven system guarantees results in just 7 days. Join thousands of successful members today! 100% guaranteed!",spam
"Dear Customer, BREAKTHROUGH: Scientists discover miracle cure for baldness! Regrow a full head of hair in just 2 weeks. Order your FREE trial bottle today, just pay shipping! This offer won't last long. 100% guaranteed!",spam
Greetings!!! AMAZING DEAL: Buy one get three FREE on all designer watches!!! Use code FREESHIP for free worldwide shipping. Shop now before stocks run out!!! You have been specially selected. This is not a joke!!!,spam
"Hey, Hey, the weather forecast looks great for this weekend. Want to go hiking at the national park? I was thinking we could take the scenic trail that's about 5 miles long. Don't hesitate to reach out. Thanks,",ham
"Dear Lucky One, CONGRATULATIONS! You've been chosen to receive a brand new iPhone 15 Pro Max absolutely FREE! Just complete a short survey and provide your shipping address. Hurry, only 10 units left! Hurry! ?*",spam
"Hey there, Thanks for your help with the client presentation yesterday. The client was really impressed with the demo. They've scheduled a follow-up meeting for next Tuesday. Looking forward to hearing from you. Thanks,",ham
"Good morning, Dear Professor, I wanted to confirm my attendance for the research seminar next week. I've prepared a brief summary of my findings so far. Would it be possible to schedule a 15-minute slot for my presentation? See you soon,",ham
"Hi, Hi Mom, I'm doing well. Work has been busy but good. I'm planning to visit next month for the holidays. Can't wait to see everyone! Best,",ham
FINAL WARNING: Your computer has been infected with 47 viruses!!! Download our security software immediately to protect your data. Click here for a FREE emergency scan right now!!! No credit card required. Don't wait!!!,spam
"Hey, Hey, the weather forecast looks great for this weekend. Want to go hiking at the national park? I was thinking we could take the scenic trail that's about 5 miles long. Thanks for your time. See you soon,",ham
Last chance! Your exclusive membership discount expires in 1 hour. Save 95% on premium software licenses today only. This deal will NOT be repeated. Act now or regret forever! As seen on TV.,spam
"To Whom It May Concern, Dear customer, your Amazon order #38291 has been placed successfully. If you did not make this purchase of $899.99, click here to cancel immediately. Your account security is our top priority. Guaranteed results. Don't wait!",spam
"Dear Customer, Buy discount medications online! Up to 80% off on all prescriptions. No prescription needed. Fast discreet shipping worldwide. Order now and get free bonus pills! Guaranteed results. Act immediately!",spam
"Hey, Hi, your appointment with Dr. Smith is confirmed for next Monday at 2:30 PM. Please arrive 15 minutes early to complete the paperwork. If you need to reschedule, call us at least 24 hours in advance. Let me know your thoughts.",ham
"Hello everyone, Your monthly subscription has been renewed successfully. The charge of $9.99 has been applied to your credit card. You can manage your subscription settings in your account. See you at the meeting. Regards,",ham
"Hi there, Dear students, the midterm exam will cover chapters 1 through 7. I've uploaded a practice test on the course portal. Review sessions will be held next Tuesday and Thursday.",ham
"Hi, Hi, I'm dropping off the kids at school tomorrow morning. Can you pick them up at 3 PM? I have a dentist appointment that I can't reschedule. Thanks,",ham
"Hi there, Hey, do you have the notes from yesterday's lecture? I had to leave early for a doctor's appointment. I'd really appreciate it if you could share them. Let me know your thoughts. Cheers,",ham
"Good afternoon. The server migration is scheduled for this Saturday at 2 AM. Expected downtime is approximately 4 hours. I'll send out notifications to all affected users. See you soon,",ham
"Thank you for your order! Your package has been shipped and is expected to arrive by Thursday. You can track your delivery using the link in your account. If you have any questions, please contact our support team. See you at the meeting. Take care,",ham
"Hi there, Hey, I found that old photo album we were looking for. There are some really great pictures from our college days in there. I'll bring it over when I visit next time. Regards,",ham
"Good morning, Hi Mom, I'm doing well. Work has been busy but good. I'm planning to visit next month for the holidays. Can't wait to see everyone! Regards,",ham
"Hello, Hey, did you see the game last night? What an incredible comeback! That last-minute goal was unbelievable. We should watch the next match together at the sports bar. Don't hesitate to reach out. Thanks,",ham
"Hi there, Good afternoon. The server migration is scheduled for this Saturday at 2 AM. Expected downtime is approximately 4 hours. I'll send out notifications to all affected users. Take care,",ham
"Hey, Hey, do you have the notes from yesterday's lecture? I had to leave early for a doctor's appointment. I'd really appreciate it if you could share them. See you at the meeting. Regards,",ham
"Dear Lucky One, IMPORTANT: Your Netflix subscription payment failed. Update your billing information now to avoid service interruption. Click here to update your payment method securely. Reply ASAP!!!",spam
"Dear Customer, You are the lucky winner of our weekly sweepstakes! A sum of $250,000 has been allocated to your name. Click here to verify your identity and receive your funds within 48 hours. 100% guaranteed!",spam
"Hey there, Good morning, I just wanted to thank you for helping me move last weekend. I really couldn't have done it without your help. Let me buy you lunch to say thanks. Best,",ham
"Hello everyone, Hey, I've pushed the latest changes to the feature branch. Could you please review the pull request when you get a chance? The main updates are in the authentication module. See you soon,",ham
"Hello, Hey, I've pushed the latest changes to the feature branch. Could you please review the pull request when you get a chance? The main updates are in the authentication module. Feel free to call me. Take care,",ham
"Good morning, Hi class, the assignment deadline has been extended to next Wednesday. Please make sure to include proper citations and references. Office hours are available on Monday if you need help. Cheers,",ham
"Hey, Hi all, we're organizing a team building event next Thursday. It'll be an escape room challenge followed by dinner. Please RSVP by Wednesday so I can finalize the reservation. Cheers,",ham
"DEAR CUSTOMER, EARN PASSIVE INCOME OF $3,000 WEEKLY WITH OUR AUTOMATED FOREX SYSTEM. NO TRADING EXPERIENCE REQUIRED. START WITH JUST $50. JOIN OVER 100,000 SUCCESSFUL TRADERS WORLDWIDE! AS SEEN ON TV. LIMITED TIME ONLY!",spam
"Your monthly subscription has been renewed successfully. The charge of $9.99 has been applied to your credit card. You can manage your subscription settings in your account. Let's discuss this further. Cheers,",ham
"DEAR CUSTOMER, EARN PASSIVE INCOME OF $3,000 WEEKLY WITH OUR AUTOMATED FOREX SYSTEM. NO TRADING EXPERIENCE REQUIRED. START WITH JUST $50. JOIN OVER 100,000 SUCCESSFUL TRADERS WORLDWIDE! AS SEEN ON TV. DON'T WAIT!",spam
"Dear Winner, Dear Winner, we are pleased to inform you that your email won $750,000 in our annual draw. Send us your personal details to process the payment. This is a one-time opportunity, don't let it slip away! Click here now!",spam
"Dear team, Dear Professor, I wanted to confirm my attendance for the research seminar next week. I've prepared a brief summary of my findings so far. Would it be possible to schedule a 15-minute slot for my presentation? Feel free to call me. Best,",ham
"Good morning, Hey, I noticed a bug in the payment processing module. When users enter an invalid card number, the error message doesn't display correctly. I've created a ticket for it. Can you take a look? See you soon,",ham
"DEAR USER, IMPORTANT: YOUR NETFLIX SUBSCRIPTION PAYMENT FAILED. UPDATE YOUR BILLING INFORMATION NOW TO AVOID SERVICE INTERRUPTION. CLICK HERE TO UPDATE YOUR PAYMENT METHOD SECURELY. WIRE TRANSFER ONLY. 100% GUARANTEED!",spam
"DEAR WINNER, DEAR CUSTOMER, YOUR AMAZON ORDER #38291 HAS BEEN PLACED SUCCESSFULLY. IF YOU DID NOT MAKE THIS PURCHASE OF $899.99, CLICK HERE TO CANCEL IMMEDIATELY. YOUR ACCOUNT SECURITY IS OUR TOP PRIORITY. RISK-FREE TRIAL. ACT IMMEDIATELY!",spam
"Hello, Dear Winner, we are pleased to inform you that your email won $750,000 in our annual draw. Send us your personal details to process the payment. This is a one-time opportunity, don't let it slip away! No credit card required. Click here now!",spam
"Greetings! Secret investment strategy revealed! Wall Street insiders don't want you to know this. Turn $100 into $50,000 in just 30 days. Click here to learn the method that's making ordinary people rich! Reply with YES to confirm. Act immediately!",spam
"To Whom It May Concern, Get a FREE laptop today! No purchase necessary. Simply click the link and enter your email to qualify. This exclusive offer is available for a limited time only. Send your bank details. Hurry!",spam
"Hi there, Hey, the weather forecast looks great for this weekend. Want to go hiking at the national park? I was thinking we could take the scenic trail that's about 5 miles long.",ham
"Dear User, URGENT: Your email has been randomly selected for a cash prize of $500,000. To claim your winnings, reply with your full name, address, and bank details immediately. Do not share this email with anyone. This offer won't last long. This is not a joke!",spam
"Hello everyone, Hey, I found that old photo album we were looking for. There are some really great pictures from our college days in there. I'll bring it over when I visit next time. See you soon,",ham
"Hi, Happy birthday! Hope you have an amazing day filled with joy and happiness. Wishing you all the best for the year ahead. Let's celebrate this weekend! Looking forward to hearing from you. See you soon,",ham
"Hi there, Dear Professor, I wanted to confirm my attendance for the research seminar next week. I've prepared a brief summary of my findings so far. Would it be possible to schedule a 15-minute slot for my presentation? Looking forward to hearing from you. See you soon,",ham
"Dear Lucky One, Amazing anti-aging cream turns back the clock 20 years! Dermatologists hate this one simple trick. Order now and get 50% off plus free shipping! Click here now!",spam
"Hey there, Here's your weekly digest of top stories. The tech industry saw major developments with new AI regulations. Read the full articles on our website. Let me know your thoughts. Regards,",ham
"Good morning, Hey, just finished reading that book you recommended. It was fantastic! The plot twist at the end completely caught me off guard. Any other recommendations? Best regards,",ham
"Greetings! Earn passive income of $3,000 weekly with our automated forex system. No trading experience required. Start with just $50. Join over 100,000 successful traders worldwide! This is not a joke!",spam
"Dear students, the midterm exam will cover chapters 1 through 7. I've uploaded a practice test on the course portal. Review sessions will be held next Tuesday and Thursday. Let's discuss this further. Thanks,",ham
"TO WHOM IT MAY CONCERN, IMPORTANT: YOUR NETFLIX SUBSCRIPTION PAYMENT FAILED. UPDATE YOUR BILLING INFORMATION NOW TO AVOID SERVICE INTERRUPTION. CLICK HERE TO UPDATE YOUR PAYMENT METHOD SECURELY.",spam
"Hey there, Dear Professor, I wanted to confirm my attendance for the research seminar next week. I've prepared a brief summary of my findings so far. Would it be possible to schedule a 15-minute slot for my presentation? Looking forward to hearing from you.",ham
"Hi, Thanks for your help with the client presentation yesterday. The client was really impressed with the demo. They've scheduled a follow-up meeting for next Tuesday. Best regards,",ham
"Hey there, Here's your weekly digest of top stories. The tech industry saw major developments with new AI regulations. Read the full articles on our website. Regards,",ham
"Hey, Hi, your appointment with Dr. Smith is confirmed for next Monday at 2:30 PM. Please arrive 15 minutes early to complete the paperwork. If you need to reschedule, call us at least 24 hours in advance. Regards,",ham
"Dear Customer, Get a FREE laptop today! No purchase necessary. Simply click the link and enter your email to qualify. This exclusive offer is available for a limited time only. Call our toll-free number now. Reply ASAP!",spam
"Hey there, Hi, I've completed the code review for the API endpoints. Overall it looks great, just a few minor suggestions in the comments. Nice work on the error handling! Don't hesitate to reach out. See you soon,",ham
"Hello, Hi, just wanted to let you know that the family reunion is confirmed for August 15th. We've booked the lakehouse for the weekend. Please let everyone know and bring your favorite dish! Have a great day. Thanks,",ham
"DEAR VALUED MEMBER, AMAZING DEAL: BUY ONE GET THREE FREE ON ALL DESIGNER WATCHES!!! USE CODE FREESHIP FOR FREE WORLDWIDE SHIPPING. SHOP NOW BEFORE STOCKS RUN OUT!!! FORWARD THIS TO 10 FRIENDS. DON'T WAIT!!!",spam
"Hi, I'm writing to confirm our dinner reservation for Friday at 7 PM. The restaurant is at 123 Main Street. They said they can accommodate dietary restrictions, just let them know in advance. Cheers,",ham
"Dear team, Hi, I've completed the code review for the API endpoints. Overall it looks great, just a few minor suggestions in the comments. Nice work on the error handling! Feel free to call me. Thanks,",ham
"To Whom It May Concern, Get bigger muscles in just 7 days with our new supplement! Used by professional athletes worldwide. Buy 2 bottles get 1 FREE. No side effects guaranteed! Buy now pay later. Don't wait!",spam
"Good morning, Hi team, just a reminder that we have our weekly standup meeting tomorrow at 10 AM. Please prepare your status updates and any blockers you'd like to discuss. See you all in the conference room. Take care,",ham
"Hey, Good morning everyone. The quarterly report is ready for review. I've attached the PDF to this email. Please share your feedback by Friday end of day. I appreciate your help. Take care,",ham
"HELLO, WARNING: UNUSUAL SIGN-IN ACTIVITY DETECTED ON YOUR MICROSOFT ACCOUNT. SOMEONE TRIED TO ACCESS YOUR ACCOUNT FROM RUSSIA. CLICK HERE TO CHANGE YOUR PASSWORD AND ENABLE TWO-FACTOR AUTHENTICATION. DOCTOR RECOMMENDED. REPLY ASAP!!!",spam
"Hi there, Hey! How are you doing? It's been a while since we caught up. Want to grab coffee this weekend? Let me know what works for you. See you soon,",ham
"Hey, Hi, just wanted to let you know that the family reunion is confirmed for August 15th. We've booked the lakehouse for the weekend. Please let everyone know and bring your favorite dish!",ham
"Hey, Hi, I've completed the code review for the API endpoints. Overall it looks great, just a few minor suggestions in the comments. Nice work on the error handling! Let's discuss this further. Take care,",ham
"Hello everyone, Hey, I noticed a bug in the payment processing module. When users enter an invalid card number, the error message doesn't display correctly. I've created a ticket for it. Can you take a look?",ham
"Hey there, Hi, I wanted to follow up on our discussion about the new project timeline. I've updated the Gantt chart with the revised milestones. Let me know if the dates work for your team. Hope this helps. Best regards,",ham
"Happy birthday! Hope you have an amazing day filled with joy and happiness. Wishing you all the best for the year ahead. Let's celebrate this weekend! Let's discuss this further. Cheers,",ham
"DEAR CUSTOMER, DEAR WINNER, WE ARE PLEASED TO INFORM YOU THAT YOUR EMAIL WON $750,000 IN OUR ANNUAL DRAW. SEND US YOUR PERSONAL DETAILS TO PROCESS THE PAYMENT. THIS IS A ONE-TIME OPPORTUNITY, DON'T LET IT SLIP AWAY! CLICK HERE NOW!",spam
"Hey, Your monthly subscription has been renewed successfully. The charge of $9.99 has been applied to your credit card. You can manage your subscription settings in your account. Best regards,",ham
"HELLO, CONGRATULATIONS! YOU HAVE BEEN SELECTED AS THE WINNER OF OUR INTERNATIONAL LOTTERY. CLICK THE LINK BELOW TO CLAIM YOUR PRIZE OF $1,000,000. THIS OFFER EXPIRES IN 24 HOURS SO ACT FAST! REPLY ASAP!",spam
"Hello everyone, Hi, your appointment with Dr. Smith is confirmed for next Monday at 2:30 PM. Please arrive 15 minutes early to complete the paperwork. If you need to reschedule, call us at least 24 hours in advance. I appreciate your help. Thanks,",ham
"Happy birthday! Hope you have an amazing day filled with joy and happiness. Wishing you all the best for the year ahead. Let's celebrate this weekend! Regards,",ham
"Dear Friend, Last chance! Your exclusive membership discount expires in 1 hour. Save 95% on premium software licenses today only. This deal will NOT be repeated. Act now or regret forever! Wire transfer only. Reply ASAP!",spam
"Hey, Hi Mom, I'm doing well. Work has been busy but good. I'm planning to visit next month for the holidays. Can't wait to see everyone! Cheers,",ham
"Hello, Dear Professor, I wanted to confirm my attendance for the research seminar next week. I've prepared a brief summary of my findings so far. Would it be possible to schedule a 15-minute slot for my presentation? Best regards,",ham
"CONGRATULATIONS! You've been chosen to receive a brand new iPhone 15 Pro Max absolutely FREE! Just complete a short survey and provide your shipping address. Hurry, only 10 units left! Unsubscribe by clicking here. Act immediately!",spam
"Dear Customer, Secret investment strategy revealed! Wall Street insiders don't want you to know this. Turn $100 into $50,000 in just 30 days. Click here to learn the method that's making ordinary people rich! Send your bank details. !!$!",spam
"Dear Friend, BITCOIN ALERT: Invest $250 today and earn $10,000 by next week! Our AI-powered trading bot does all the work for you. Don't miss this once-in-a-lifetime opportunity! Act immediately!",spam
"Hello everyone, Hi, your appointment with Dr. Smith is confirmed for next Monday at 2:30 PM. Please arrive 15 minutes early to complete the paperwork. If you need to reschedule, call us at least 24 hours in advance. Don't hesitate to reach out. Cheers,",ham
"Hi there, Dear member, our gym will be undergoing renovations starting next month. The pool area will be closed for two weeks but all other facilities remain open. We apologize for any inconvenience. Regards,",ham
"Hey, Good afternoon. The server migration is scheduled for this Saturday at 2 AM. Expected downtime is approximately 4 hours. I'll send out notifications to all affected users. I appreciate your help. See you soon,",ham
"SECRET INVESTMENT STRATEGY REVEALED! WALL STREET INSIDERS DON'T WANT YOU TO KNOW THIS. TURN $100 INTO $50,000 IN JUST 30 DAYS. CLICK HERE TO LEARN THE METHOD THAT'S MAKING ORDINARY PEOPLE RICH! YOU HAVE BEEN SPECIALLY SELECTED.",spam
"YOU'VE BEEN PRE-APPROVED FOR A $50,000 CREDIT LINE! NO CREDIT CHECK REQUIRED. APPLY NOW BY CLICKING THE LINK BELOW. LIMITED SPOTS AVAILABLE, FIRST COME FIRST SERVED! THIS IS NOT SPAM. LIMITED TIME ONLY!",spam
"DEAR FRIEND, CONGRATULATIONS! YOU HAVE BEEN SELECTED AS THE WINNER OF OUR INTERNATIONAL LOTTERY. CLICK THE LINK BELOW TO CLAIM YOUR PRIZE OF $1,000,000. THIS OFFER EXPIRES IN 24 HOURS SO ACT FAST! THIS IS NOT SPAM. HURRY!",spam
"Hi, Happy birthday! Hope you have an amazing day filled with joy and happiness. Wishing you all the best for the year ahead. Let's celebrate this weekend! Talk soon,",ham
"Hi, Hi all, we're organizing a team building event next Thursday. It'll be an escape room challenge followed by dinner. Please RSVP by Wednesday so I can finalize the reservation. Hope this helps. Best regards,",ham
"Dear team, Hey, thanks for the recipe you sent last week. I tried making it and it turned out great! The kids absolutely loved it. Do you have any other easy dinner ideas? Don't hesitate to reach out. Thanks,",ham
"Hey, just finished reading that book you recommended. It was fantastic! The plot twist at the end completely caught me off guard. Any other recommendations? Take care,",ham
"Dear Winner, Your email account will be DELETED in 24 hours unless you verify. Click the verification link below to confirm your identity. This is an automated message from the IT security team. Click here now!",spam
"Dear Valued Member, URGENT: Your email has been randomly selected for a cash prize of $500,000. To claim your winnings, reply with your full name, address, and bank details immediately. Do not share this email with anyone. Limited time only!!!",spam
"Dear Lucky One, FREE trial of our premium weight loss supplement! Lose 30 pounds in 30 days guaranteed or your money back. Order now and pay only shipping and handling. You have been specially selected. Act immediately!",spam
"DEAR FRIEND, EXCLUSIVE OFFER JUST FOR YOU! GET 90% OFF ON ALL LUXURY HANDBAGS. THIS FLASH SALE ENDS TONIGHT AT MIDNIGHT. CLICK HERE TO BROWSE OUR COLLECTION AND SAVE BIG! FORWARD THIS TO 10 FRIENDS. 100% GUARANTEED!",spam
"Hey, Reminder: The office will be closed next Monday for the holiday. Please make sure all urgent tasks are completed by Friday. Enjoy the long weekend! Talk soon,",ham
"Dear Valued Member, Dear customer, your Amazon order #38291 has been placed successfully. If you did not make this purchase of $899.99, click here to cancel immediately. Your account security is our top priority. Forward this to 10 friends. 100% guaranteed!",spam
"Hello everyone, Reminder: The office will be closed next Monday for the holiday. Please make sure all urgent tasks are completed by Friday. Enjoy the long weekend!",ham
AMAZING DEAL: BUY ONE GET THREE FREE ON ALL DESIGNER WATCHES!!! USE CODE FREESHIP FOR FREE WORLDWIDE SHIPPING. SHOP NOW BEFORE STOCKS RUN OUT!!! THIS IS NOT A JOKE!!!,spam
"Hi, Your monthly subscription has been renewed successfully. The charge of $9.99 has been applied to your credit card. You can manage your subscription settings in your account. Take care,",ham
"Hello, Congratulations! You have been selected as the winner of our international lottery. Click the link below to claim your prize of $1,000,000. This offer expires in 24 hours so act fast! This is NOT spam. This is not a joke! $?$*?",spam
"Good morning, Hi, the landlord sent an email about the building maintenance schedule. They'll be fixing the elevator on Tuesday and the water will be off for 2 hours on Wednesday. Just wanted to give you a heads up. Take care,",ham
"Dear Valued Member, Get a FREE laptop today! No purchase necessary. Simply click the link and enter your email to qualify. This exclusive offer is available for a limited time only. Hurry!",spam
"Hello, Hey, the weather forecast looks great for this weekend. Want to go hiking at the national park? I was thinking we could take the scenic trail that's about 5 miles long. Don't hesitate to reach out. Best,",ham
"Attention! You've been pre-approved for a $50,000 credit line! No credit check required. Apply now by clicking the link below. Limited spots available, first come first served! Doctor recommended. Act immediately!",spam
"TO WHOM IT MAY CONCERN, URGENT: YOUR EMAIL HAS BEEN RANDOMLY SELECTED FOR A CASH PRIZE OF $500,000. TO CLAIM YOUR WINNINGS, REPLY WITH YOUR FULL NAME, ADDRESS, AND BANK DETAILS IMMEDIATELY. DO NOT SHARE THIS EMAIL WITH ANYONE. REPLY WITH YES TO CONFIRM. THIS IS NOT A JOKE! ?!*",spam
"To Whom It May Concern, Congratulations!!! You have been selected as the winner of our international lottery. Click the link below to claim your prize of $1,000,000. This offer expires in 24 hours so act fast!!! Send your bank details. Act immediately!!!",spam
"DEAR VALUED MEMBER, AMAZING ANTI-AGING CREAM TURNS BACK THE CLOCK 20 YEARS! DERMATOLOGISTS HATE THIS ONE SIMPLE TRICK. ORDER NOW AND GET 50% OFF PLUS FREE SHIPPING! 100% GUARANTEED!",spam
"Hi there, Dear students, the midterm exam will cover chapters 1 through 7. I've uploaded a practice test on the course portal. Review sessions will be held next Tuesday and Thursday.",ham
"Hey there, Hi, just wanted to let you know that the family reunion is confirmed for August 15th. We've booked the lakehouse for the weekend. Please let everyone know and bring your favorite dish! Let's discuss this further. Talk soon,",ham
"Hi, Dear Professor, I wanted to confirm my attendance for the research seminar next week. I've prepared a brief summary of my findings so far. Would it be possible to schedule a 15-minute slot for my presentation? See you soon,",ham
"Hello, Hey, the weather forecast looks great for this weekend. Want to go hiking at the national park? I was thinking we could take the scenic trail that's about 5 miles long. Best,",ham
"Dear Customer, FINAL WARNING: Your computer has been infected with 47 viruses!!! Download our security software immediately to protect your data. Click here for a FREE emergency scan right now!!! This offer won't last long.",spam
Greetings! IMPORTANT: Your Netflix subscription payment failed. Update your billing information now to avoid service interruption. Click here to update your payment method securely. This offer won't last long. This is not a joke!,spam
"Dear User, ATTENTION: You have an unclaimed tax refund of $3,247.00! File your claim online within 48 hours or the refund will be forfeited. Click here to submit your banking details for direct deposit. Act immediately!",spam
Greetings! URGENT BUSINESS PROPOSAL: I am Dr. James from Nigeria. I have $15.5 million that I need to transfer out of the country. I will give you 30% of the total if you help me. Reply for details. This is NOT spam. Hurry!,spam
"Hi, Hey, I noticed a bug in the payment processing module. When users enter an invalid card number, the error message doesn't display correctly. I've created a ticket for it. Can you take a look? Talk soon,",ham
"Dear team, Hey, did you see the game last night? What an incredible comeback! That last-minute goal was unbelievable. We should watch the next match together at the sports bar. Let's discuss this further. Best,",ham
"HELLO, FINAL WARNING: YOUR COMPUTER HAS BEEN INFECTED WITH 47 VIRUSES! DOWNLOAD OUR SECURITY SOFTWARE IMMEDIATELY TO PROTECT YOUR DATA. CLICK HERE FOR A FREE EMERGENCY SCAN RIGHT NOW! HURRY!",spam
"Hello, Exclusive offer just for you! Get 90% off on all luxury handbags. This flash sale ends tonight at midnight. Click here to browse our collection and save big! This is NOT spam. This is not a joke!",spam
"Dear Winner, Buy discount medications online! Up to 80% off on all prescriptions. No prescription needed. Fast discreet shipping worldwide. Order now and get free bonus pills! Click here now!",spam
"Attention! BITCOIN ALERT: Invest $250 today and earn $10,000 by next week! Our AI-powered trading bot does all the work for you. Don't miss this once-in-a-lifetime opportunity! 100% guaranteed!",spam
"Hello, Lose weight fast with our revolutionary diet pill! Celebrities are raving about this amazing product. Get your 30-day supply FREE. Limited stock available! 100% guaranteed!",spam
"Dear User, FINAL WARNING: Your computer has been infected with 47 viruses! Download our security software immediately to protect your data. Click here for a FREE emergency scan right now! *!*!",spam
"Hey, Hey, thanks for the recipe you sent last week. I tried making it and it turned out great! The kids absolutely loved it. Do you have any other easy dinner ideas? Have a great day. Cheers,",ham
"Good morning, Hi, I'm dropping off the kids at school tomorrow morning. Can you pick them up at 3 PM? I have a dentist appointment that I can't reschedule. Looking forward to hearing from you. See you soon,",ham
"Hello everyone, Hi, I wanted to share this interesting article about sustainable energy. It discusses how solar panel efficiency has improved by 40% in the last decade. Thought you might find it relevant for your research. See you at the meeting.",ham
"GREETINGS!!! CONGRATULATIONS!!! YOU HAVE BEEN SELECTED AS THE WINNER OF OUR INTERNATIONAL LOTTERY. CLICK THE LINK BELOW TO CLAIM YOUR PRIZE OF $1,000,000. THIS OFFER EXPIRES IN 24 HOURS SO ACT FAST!!! WIRE TRANSFER ONLY.",spam
"Hey, Hey, did you see the game last night? What an incredible comeback! That last-minute goal was unbelievable. We should watch the next match together at the sports bar. Hope this helps. Talk soon,",ham
"DEAR LUCKY ONE, URGENT BUSINESS PROPOSAL: I AM DR. JAMES FROM NIGERIA. I HAVE $15.5 MILLION THAT I NEED TO TRANSFER OUT OF THE COUNTRY. I WILL GIVE YOU 30% OF THE TOTAL IF YOU HELP ME. REPLY FOR DETAILS.",spam
"Good morning, Dear students, the midterm exam will cover chapters 1 through 7. I've uploaded a practice test on the course portal. Review sessions will be held next Tuesday and Thursday. I appreciate your help. Best,",ham
"Dear team, Thank you for your order! Your package has been shipped and is expected to arrive by Thursday. You can track your delivery using the link in your account. If you have any questions, please contact our support team. Cheers,",ham
"Hello everyone, Hey, did you see the game last night? What an incredible comeback! That last-minute goal was unbelievable. We should watch the next match together at the sports bar. Feel free to call me.",ham
Attention! Get bigger muscles in just 7 days with our new supplement! Used by professional athletes worldwide. Buy 2 bottles get 1 FREE. No side effects guaranteed! No credit card required. This is not a joke!,spam
"Hi, the landlord sent an email about the building maintenance schedule. They'll be fixing the elevator on Tuesday and the water will be off for 2 hours on Wednesday. Just wanted to give you a heads up. Thanks,",ham
Attention! FREE trial of our premium weight loss supplement! Lose 30 pounds in 30 days guaranteed or your money back. Order now and pay only shipping and handling. Reply ASAP!,spam
"Hello, Good morning everyone. The quarterly report is ready for review. I've attached the PDF to this email. Please share your feedback by Friday end of day. Best regards,",ham
GET BIGGER MUSCLES IN JUST 7 DAYS WITH OUR NEW SUPPLEMENT! USED BY PROFESSIONAL ATHLETES WORLDWIDE. BUY 2 BOTTLES GET 1 FREE. NO SIDE EFFECTS GUARANTEED! LIMITED TIME ONLY!,spam
"DEAR LUCKY ONE, SECRET INVESTMENT STRATEGY REVEALED! WALL STREET INSIDERS DON'T WANT YOU TO KNOW THIS. TURN $100 INTO $50,000 IN JUST 30 DAYS. CLICK HERE TO LEARN THE METHOD THAT'S MAKING ORDINARY PEOPLE RICH! REPLY ASAP! *!",spam
"DEAR FRIEND, BITCOIN ALERT: INVEST $250 TODAY AND EARN $10,000 BY NEXT WEEK! OUR AI-POWERED TRADING BOT DOES ALL THE WORK FOR YOU. DON'T MISS THIS ONCE-IN-A-LIFETIME OPPORTUNITY! LIMITED TIME ONLY!",spam
GREETINGS! FREE TRIAL OF OUR PREMIUM WEIGHT LOSS SUPPLEMENT! LOSE 30 POUNDS IN 30 DAYS GUARANTEED OR YOUR MONEY BACK. ORDER NOW AND PAY ONLY SHIPPING AND HANDLING. ?**,spam
"Hello everyone, Hey! How are you doing? It's been a while since we caught up. Want to grab coffee this weekend? Let me know what works for you. Let's discuss this further. Talk soon,",ham
"Hi, I wanted to follow up on our discussion about the new project timeline. I've updated the Gantt chart with the revised milestones. Let me know if the dates work for your team. Thanks for your time. Best regards,",ham
"Hello, BITCOIN ALERT: Invest $250 today and earn $10,000 by next week! Our AI-powered trading bot does all the work for you. Don't miss this once-in-a-lifetime opportunity! Risk-free trial.",spam
"Hi, Hi class, the assignment deadline has been extended to next Wednesday. Please make sure to include proper citations and references. Office hours are available on Monday if you need help. Let's discuss this further. Cheers,",ham
"Hey there, Happy birthday! Hope you have an amazing day filled with joy and happiness. Wishing you all the best for the year ahead. Let's celebrate this weekend!",ham
LOSE WEIGHT FAST WITH OUR REVOLUTIONARY DIET PILL! CELEBRITIES ARE RAVING ABOUT THIS AMAZING PRODUCT. GET YOUR 30-DAY SUPPLY FREE. LIMITED STOCK AVAILABLE! THIS IS NOT A JOKE!,spam
"Hey there, Hey, did you see the game last night? What an incredible comeback! That last-minute goal was unbelievable. We should watch the next match together at the sports bar. Hope this helps. Best regards,",ham
"Hi there, Reminder: The office will be closed next Monday for the holiday. Please make sure all urgent tasks are completed by Friday. Enjoy the long weekend! Feel free to call me. Thanks,",ham
"Hi, Hi team, just a reminder that we have our weekly standup meeting tomorrow at 10 AM. Please prepare your status updates and any blockers you'd like to discuss. See you all in the conference room. Let's discuss this further. Cheers,",ham
"Hi all, we're organizing a team building event next Thursday. It'll be an escape room challenge followed by dinner. Please RSVP by Wednesday so I can finalize the reservation. See you soon,",ham
"Hi, Dear Professor, I wanted to confirm my attendance for the research seminar next week. I've prepared a brief summary of my findings so far. Would it be possible to schedule a 15-minute slot for my presentation? See you soon,",ham
"Good morning, Hey, do you have the notes from yesterday's lecture? I had to leave early for a doctor's appointment. I'd really appreciate it if you could share them. Let's discuss this further. Take care,",ham
"Dear User, Exclusive offer just for you! Get 90% off on all luxury handbags. This flash sale ends tonight at midnight. Click here to browse our collection and save big! Don't wait!",spam
"Hey, Thanks for your help with the client presentation yesterday. The client was really impressed with the demo. They've scheduled a follow-up meeting for next Tuesday. Take care,",ham
"DEAR CUSTOMER, CONGRATULATIONS! YOU'VE BEEN CHOSEN TO RECEIVE A BRAND NEW IPHONE 15 PRO MAX ABSOLUTELY FREE! JUST COMPLETE A SHORT SURVEY AND PROVIDE YOUR SHIPPING ADDRESS. HURRY, ONLY 10 UNITS LEFT! CLICK HERE NOW!",spam
"Hey there, Good afternoon. The server migration is scheduled for this Saturday at 2 AM. Expected downtime is approximately 4 hours. I'll send out notifications to all affected users. Cheers,",ham
GREETINGS! AMAZING ANTI-AGING CREAM TURNS BACK THE CLOCK 20 YEARS! DERMATOLOGISTS HATE THIS ONE SIMPLE TRICK. ORDER NOW AND GET 50% OFF PLUS FREE SHIPPING! WIRE TRANSFER ONLY. REPLY ASAP!,spam
"Hey there, Hi, your appointment with Dr. Smith is confirmed for next Monday at 2:30 PM. Please arrive 15 minutes early to complete the paperwork. If you need to reschedule, call us at least 24 hours in advance. Cheers,",ham
"Hello everyone, Happy birthday! Hope you have an amazing day filled with joy and happiness. Wishing you all the best for the year ahead. Let's celebrate this weekend! Thanks for your time. Best,",ham
"Dear team, Hi, I'm writing to confirm our dinner reservation for Friday at 7 PM. The restaurant is at 123 Main Street. They said they can accommodate dietary restrictions, just let them know in advance. Thanks,",ham
"Hello everyone, Dear member, our gym will be undergoing renovations starting next month. The pool area will be closed for two weeks but all other facilities remain open. We apologize for any inconvenience. Best regards,",ham
Attention! Amazing anti-aging cream turns back the clock 20 years! Dermatologists hate this one simple trick. Order now and get 50% off plus free shipping! You have been specially selected. Click here now!,spam
"To Whom It May Concern, Dear customer, your Amazon order #38291 has been placed successfully. If you did not make this purchase of $899.99, click here to cancel immediately. Your account security is our top priority. Act immediately!",spam
"Hello everyone, Hi, I've completed the code review for the API endpoints. Overall it looks great, just a few minor suggestions in the comments. Nice work on the error handling! I appreciate your help.",ham
"Good morning, Hey, thanks for the recipe you sent last week. I tried making it and it turned out great! The kids absolutely loved it. Do you have any other easy dinner ideas? Best regards,",ham
"Hi, Hey, I saw the photos from your vacation. Looks like you had an amazing time! Where exactly did you stay? I'd love to plan a similar trip. We should catch up soon and you can tell me all about it. Let me know your thoughts.",ham
"DEAR CUSTOMER, YOUR PAYPAL ACCOUNT HAS BEEN LIMITED DUE TO SUSPICIOUS ACTIVITY. PLEASE LOG IN THROUGH THE SECURE LINK BELOW TO RESTORE FULL ACCESS. IGNORING THIS NOTICE WILL RESULT IN PERMANENT ACCOUNT CLOSURE. HURRY!",spam
"Dear User, Dear Winner, we are pleased to inform you that your email won $750,000 in our annual draw. Send us your personal details to process the payment. This is a one-time opportunity, don't let it slip away! Send your bank details. 100% guaranteed!",spam
"DEAR USER, URGENT BUSINESS PROPOSAL: I AM DR. JAMES FROM NIGERIA. I HAVE $15.5 MILLION THAT I NEED TO TRANSFER OUT OF THE COUNTRY. I WILL GIVE YOU 30% OF THE TOTAL IF YOU HELP ME. REPLY FOR DETAILS. FORWARD THIS TO 10 FRIENDS. DON'T WAIT!!!",spam
"Dear Winner, ALERT: Your bank account has been compromised. Click here immediately to verify your identity and secure your account. Failure to act within 24 hours will result in account suspension. Reply with YES to confirm. Act immediately!",spam
"Hey, Good afternoon. The server migration is scheduled for this Saturday at 2 AM. Expected downtime is approximately 4 hours. I'll send out notifications to all affected users. Best,",ham
"DEAR CUSTOMER, DEAR WINNER, WE ARE PLEASED TO INFORM YOU THAT YOUR EMAIL WON $750,000 IN OUR ANNUAL DRAW. SEND US YOUR PERSONAL DETAILS TO PROCESS THE PAYMENT. THIS IS A ONE-TIME OPPORTUNITY, DON'T LET IT SLIP AWAY!!! NO CREDIT CARD REQUIRED. DON'T WAIT!!!",spam
"Dear Customer, Earn passive income of $3,000 weekly with our automated forex system. No trading experience required. Start with just $50. Join over 100,000 successful traders worldwide! Call our toll-free number now. Limited time only!",spam
"Dear Customer, Get a FREE laptop today! No purchase necessary. Simply click the link and enter your email to qualify. This exclusive offer is available for a limited time only.",spam
"Hi, Thank you for your order! Your package has been shipped and is expected to arrive by Thursday. You can track your delivery using the link in your account. If you have any questions, please contact our support team. Best regards,",ham
"Dear User, CONGRATULATIONS! You've been chosen to receive a brand new iPhone 15 Pro Max absolutely FREE! Just complete a short survey and provide your shipping address. Hurry, only 10 units left! Don't wait! !?$*$",spam
"Hello, Hey, do you have the notes from yesterday's lecture? I had to leave early for a doctor's appointment. I'd really appreciate it if you could share them. Thanks for your time. Cheers,",ham
"Dear Customer, Secret investment strategy revealed! Wall Street insiders don't want you to know this. Turn $100 into $50,000 in just 30 days. Click here to learn the method that's making ordinary people rich! This is NOT spam. Hurry!",spam
"Dear User, WARNING: Unusual sign-in activity detected on your Microsoft account. Someone tried to access your account from Russia. Click here to change your password and enable two-factor authentication. Risk-free trial. Reply ASAP! !$$*?",spam
"Hi there, Good news! The community garden project has been approved by the city council. We'll be starting the planting season next month. Volunteers can sign up at the community center. Cheers,",ham
"Hi, Hi, I'm writing to confirm our dinner reservation for Friday at 7 PM. The restaurant is at 123 Main Street. They said they can accommodate dietary restrictions, just let them know in advance. I appreciate your help. Best regards,",ham
"Dear Valued Member, URGENT BUSINESS PROPOSAL: I am Dr. James from Nigeria. I have $15.5 million that I need to transfer out of the country. I will give you 30% of the total if you help me. Reply for details. Call our toll-free number now. Hurry! ?$*$$",spam
Buy discount medications online! Up to 80% off on all prescriptions. No prescription needed. Fast discreet shipping worldwide. Order now and get free bonus pills! 100% guaranteed!,spam
"Attention! Congratulations! You have been selected as the winner of our international lottery. Click the link below to claim your prize of $1,000,000. This offer expires in 24 hours so act fast! Hurry!",spam
"Hello everyone, Hi, I wanted to share this interesting article about sustainable energy. It discusses how solar panel efficiency has improved by 40% in the last decade. Thought you might find it relevant for your research. Feel free to call me.",ham
"Hey there, Hey, just finished reading that book you recommended. It was fantastic! The plot twist at the end completely caught me off guard. Any other recommendations? See you at the meeting. Talk soon,",ham
"Dear Customer, Buy discount medications online! Up to 80% off on all prescriptions. No prescription needed. Fast discreet shipping worldwide. Order now and get free bonus pills! 100% guaranteed!",spam
"Dear team, Hi, just wanted to let you know that the family reunion is confirmed for August 15th. We've booked the lakehouse for the weekend. Please let everyone know and bring your favorite dish! Talk soon,",ham
"DEAR LUCKY ONE, IMPORTANT: YOUR NETFLIX SUBSCRIPTION PAYMENT FAILED. UPDATE YOUR BILLING INFORMATION NOW TO AVOID SERVICE INTERRUPTION. CLICK HERE TO UPDATE YOUR PAYMENT METHOD SECURELY. REPLY ASAP!",spam
"Hi there, Hey, I found that old photo album we were looking for. There are some really great pictures from our college days in there. I'll bring it over when I visit next time.",ham
"Good morning, Hi, the landlord sent an email about the building maintenance schedule. They'll be fixing the elevator on Tuesday and the water will be off for 2 hours on Wednesday. Just wanted to give you a heads up. Hope this helps. Regards,",ham
"Hi, just wanted to let you know that the family reunion is confirmed for August 15th. We've booked the lakehouse for the weekend. Please let everyone know and bring your favorite dish! Have a great day. See you soon,",ham
"Hello everyone, Hi all, we're organizing a team building event next Thursday. It'll be an escape room challenge followed by dinner. Please RSVP by Wednesday so I can finalize the reservation. I appreciate your help. Cheers,",ham
"Dear Customer, Get bigger muscles in just 7 days with our new supplement! Used by professional athletes worldwide. Buy 2 bottles get 1 FREE. No side effects guaranteed! Hurry!",spam
"Dear Friend, Last chance!!! Your exclusive membership discount expires in 1 hour. Save 95% on premium software licenses today only. This deal will NOT be repeated. Act now or regret forever!!! Forward this to 10 friends. Act immediately!!!",spam
"Hello, Get bigger muscles in just 7 days with our new supplement! Used by professional athletes worldwide. Buy 2 bottles get 1 FREE. No side effects guaranteed! Hurry!",spam
"Hey there, Good news! The community garden project has been approved by the city council. We'll be starting the planting season next month. Volunteers can sign up at the community center. Hope this helps. See you soon,",ham
"Dear Lucky One, You've been pre-approved for a $50,000 credit line! No credit check required. Apply now by clicking the link below. Limited spots available, first come first served! 100% guaranteed!",spam
"Hi, Reminder: The office will be closed next Monday for the holiday. Please make sure all urgent tasks are completed by Friday. Enjoy the long weekend! Thanks for your time. Take care,",ham
"Hello, Dear students, the midterm exam will cover chapters 1 through 7. I've uploaded a practice test on the course portal. Review sessions will be held next Tuesday and Thursday. Cheers,",ham
"TO WHOM IT MAY CONCERN, ALERT: YOUR BANK ACCOUNT HAS BEEN COMPROMISED. CLICK HERE IMMEDIATELY TO VERIFY YOUR IDENTITY AND SECURE YOUR ACCOUNT. FAILURE TO ACT WITHIN 24 HOURS WILL RESULT IN ACCOUNT SUSPENSION. THIS OFFER WON'T LAST LONG. 100% GUARANTEED!",spam
"Hi, Hey, I found that old photo album we were looking for. There are some really great pictures from our college days in there. I'll bring it over when I visit next time. Looking forward to hearing from you.",ham
"Dear Customer, AMAZING DEAL: Buy one get three FREE on all designer watches!!! Use code FREESHIP for free worldwide shipping. Shop now before stocks run out!!! Reply with YES to confirm. This is not a joke!!!",spam
"Dear team, Hey, I saw the photos from your vacation. Looks like you had an amazing time! Where exactly did you stay? I'd love to plan a similar trip. We should catch up soon and you can tell me all about it. I appreciate your help. Cheers,",ham
"Dear Valued Member, WARNING: Unusual sign-in activity detected on your Microsoft account. Someone tried to access your account from Russia. Click here to change your password and enable two-factor authentication.",spam
"Hi there, Good morning, I just wanted to thank you for helping me move last weekend. I really couldn't have done it without your help. Let me buy you lunch to say thanks. Take care,",ham
"HELLO, YOUR EMAIL ACCOUNT WILL BE DELETED IN 24 HOURS UNLESS YOU VERIFY. CLICK THE VERIFICATION LINK BELOW TO CONFIRM YOUR IDENTITY. THIS IS AN AUTOMATED MESSAGE FROM THE IT SECURITY TEAM. THIS OFFER WON'T LAST LONG. HURRY!",spam
"To Whom It May Concern, Your PayPal account has been limited due to suspicious activity. Please log in through the secure link below to restore full access. Ignoring this notice will result in permanent account closure. Send your bank details. Act immediately!",spam
"Dear team, Hi, the landlord sent an email about the building maintenance schedule. They'll be fixing the elevator on Tuesday and the water will be off for 2 hours on Wednesday. Just wanted to give you a heads up. Thanks,",ham
"Hey there, Your monthly subscription has been renewed successfully. The charge of $9.99 has been applied to your credit card. You can manage your subscription settings in your account. Take care,",ham
"Hello, Hey, I found that old photo album we were looking for. There are some really great pictures from our college days in there. I'll bring it over when I visit next time. See you at the meeting. Regards,",ham
"Dear Winner, URGENT BUSINESS PROPOSAL: I am Dr. James from Nigeria. I have $15.5 million that I need to transfer out of the country. I will give you 30% of the total if you help me. Reply for details. Forward this to 10 friends. Don't wait! $**",spam
"Hi there, Hey, do you have the notes from yesterday's lecture? I had to leave early for a doctor's appointment. I'd really appreciate it if you could share them. Thanks,",ham
"Hey, Hi, I'm dropping off the kids at school tomorrow morning. Can you pick them up at 3 PM? I have a dentist appointment that I can't reschedule. Regards,",ham
"Hey there, Thank you for your order! Your package has been shipped and is expected to arrive by Thursday. You can track your delivery using the link in your account. If you have any questions, please contact our support team. Cheers,",ham
"ATTENTION: You have an unclaimed tax refund of $3,247.00! File your claim online within 48 hours or the refund will be forfeited. Click here to submit your banking details for direct deposit. Call our toll-free number now. Don't wait!",spam
"Dear Winner, CONGRATULATIONS! You've been chosen to receive a brand new iPhone 15 Pro Max absolutely FREE! Just complete a short survey and provide your shipping address. Hurry, only 10 units left! Reply with YES to confirm. Act immediately!",spam
"Dear team, Good afternoon. The server migration is scheduled for this Saturday at 2 AM. Expected downtime is approximately 4 hours. I'll send out notifications to all affected users. Thanks,",ham
"HELLO, URGENT: YOUR EMAIL HAS BEEN RANDOMLY SELECTED FOR A CASH PRIZE OF $500,000. TO CLAIM YOUR WINNINGS, REPLY WITH YOUR FULL NAME, ADDRESS, AND BANK DETAILS IMMEDIATELY. DO NOT SHARE THIS EMAIL WITH ANYONE. CLICK HERE NOW!",spam
Greetings!!! Get bigger muscles in just 7 days with our new supplement!!! Used by professional athletes worldwide. Buy 2 bottles get 1 FREE. No side effects guaranteed!!! Wire transfer only. Hurry!!!,spam
"Dear team, Hey, the weather forecast looks great for this weekend. Want to go hiking at the national park? I was thinking we could take the scenic trail that's about 5 miles long. Let's discuss this further.",ham
"DEAR CUSTOMER, YOU'VE BEEN PRE-APPROVED FOR A $50,000 CREDIT LINE! NO CREDIT CHECK REQUIRED. APPLY NOW BY CLICKING THE LINK BELOW. LIMITED SPOTS AVAILABLE, FIRST COME FIRST SERVED! CLICK HERE NOW!",spam
"Dear User, Secret investment strategy revealed! Wall Street insiders don't want you to know this. Turn $100 into $50,000 in just 30 days. Click here to learn the method that's making ordinary people rich! 100% guaranteed!",spam
"Dear Valued Member, Make $5,000 per day working from home! No experience needed. Our proven system guarantees results in just 7 days. Join thousands of successful members today! Guaranteed results. Limited time only!",spam
"Dear team, Hey, I saw the photos from your vacation. Looks like you had an amazing time! Where exactly did you stay? I'd love to plan a similar trip. We should catch up soon and you can tell me all about it. Thanks,",ham
"Hello everyone, Hey, just finished reading that book you recommended. It was fantastic! The plot twist at the end completely caught me off guard. Any other recommendations? Thanks for your time. Take care,",ham
"Dear team, Good afternoon. The server migration is scheduled for this Saturday at 2 AM. Expected downtime is approximately 4 hours. I'll send out notifications to all affected users. Don't hesitate to reach out. Best,",ham
"Dear team, Hi team, just a reminder that we have our weekly standup meeting tomorrow at 10 AM. Please prepare your status updates and any blockers you'd like to discuss. See you all in the conference room. Let's discuss this further. Best regards,",ham
"Hey, just finished reading that book you recommended. It was fantastic! The plot twist at the end completely caught me off guard. Any other recommendations? Feel free to call me. See you soon,",ham
Greetings! Buy discount medications online! Up to 80% off on all prescriptions. No prescription needed. Fast discreet shipping worldwide. Order now and get free bonus pills! No credit card required. 100% guaranteed!,spam
"Hi there, Hey, I found that old photo album we were looking for. There are some really great pictures from our college days in there. I'll bring it over when I visit next time. Looking forward to hearing from you. Best,",ham
"Make $5,000 per day working from home! No experience needed. Our proven system guarantees results in just 7 days. Join thousands of successful members today! Doctor recommended. Hurry!",spam
"Hello, Happy birthday! Hope you have an amazing day filled with joy and happiness. Wishing you all the best for the year ahead. Let's celebrate this weekend!",ham
"Hello everyone, Happy birthday! Hope you have an amazing day filled with joy and happiness. Wishing you all the best for the year ahead. Let's celebrate this weekend! Cheers,",ham
"Dear Winner, WARNING: Unusual sign-in activity detected on your Microsoft account. Someone tried to access your account from Russia. Click here to change your password and enable two-factor authentication. 100% guaranteed!!!",spam
BUY DISCOUNT MEDICATIONS ONLINE! UP TO 80% OFF ON ALL PRESCRIPTIONS. NO PRESCRIPTION NEEDED. FAST DISCREET SHIPPING WORLDWIDE. ORDER NOW AND GET FREE BONUS PILLS! REPLY WITH YES TO CONFIRM. LIMITED TIME ONLY!,spam
"Hi, Hi, I'm writing to confirm our dinner reservation for Friday at 7 PM. The restaurant is at 123 Main Street. They said they can accommodate dietary restrictions, just let them know in advance. Best regards,",ham
"Dear Customer, Make $5,000 per day working from home! No experience needed. Our proven system guarantees results in just 7 days. Join thousands of successful members today! Forward this to 10 friends. Act immediately!",spam
"Attention! URGENT: Your email has been randomly selected for a cash prize of $500,000. To claim your winnings, reply with your full name, address, and bank details immediately. Do not share this email with anyone. Reply with YES to confirm. Click here now!",spam
"Hello, Buy discount medications online! Up to 80% off on all prescriptions. No prescription needed. Fast discreet shipping worldwide. Order now and get free bonus pills! Don't wait!",spam
"DEAR LUCKY ONE, BITCOIN ALERT: INVEST $250 TODAY AND EARN $10,000 BY NEXT WEEK!!! OUR AI-POWERED TRADING BOT DOES ALL THE WORK FOR YOU. DON'T MISS THIS ONCE-IN-A-LIFETIME OPPORTUNITY!!! UNSUBSCRIBE BY CLICKING HERE. DON'T WAIT!!!",spam
"DEAR USER, BUY DISCOUNT MEDICATIONS ONLINE!!! UP TO 80% OFF ON ALL PRESCRIPTIONS. NO PRESCRIPTION NEEDED. FAST DISCREET SHIPPING WORLDWIDE. ORDER NOW AND GET FREE BONUS PILLS!!! DOCTOR RECOMMENDED. REPLY ASAP!!! !**",spam
"DEAR CUSTOMER, GET A FREE LAPTOP TODAY! NO PURCHASE NECESSARY. SIMPLY CLICK THE LINK AND ENTER YOUR EMAIL TO QUALIFY. THIS EXCLUSIVE OFFER IS AVAILABLE FOR A LIMITED TIME ONLY. BUY NOW PAY LATER. CLICK HERE NOW!",spam
Attention! Lose weight fast with our revolutionary diet pill! Celebrities are raving about this amazing product. Get your 30-day supply FREE. Limited stock available! Don't wait!,spam
"Hey, just finished reading that book you recommended. It was fantastic! The plot twist at the end completely caught me off guard. Any other recommendations? Let's discuss this further. Take care,",ham
"Dear Friend, Dear Winner, we are pleased to inform you that your email won $750,000 in our annual draw. Send us your personal details to process the payment. This is a one-time opportunity, don't let it slip away! This is not a joke!",spam
"Good morning, Hey, I noticed a bug in the payment processing module. When users enter an invalid card number, the error message doesn't display correctly. I've created a ticket for it. Can you take a look? I appreciate your help.",ham
"Hi, I'm dropping off the kids at school tomorrow morning. Can you pick them up at 3 PM? I have a dentist appointment that I can't reschedule. Regards,",ham
"BREAKTHROUGH: SCIENTISTS DISCOVER MIRACLE CURE FOR BALDNESS!!! REGROW A FULL HEAD OF HAIR IN JUST 2 WEEKS. ORDER YOUR FREE TRIAL BOTTLE TODAY, JUST PAY SHIPPING!!! THIS IS NOT A JOKE!!!",spam
"Dear team, Hey, I found that old photo album we were looking for. There are some really great pictures from our college days in there. I'll bring it over when I visit next time. Don't hesitate to reach out. Best,",ham
"Hey, Hi, the landlord sent an email about the building maintenance schedule. They'll be fixing the elevator on Tuesday and the water will be off for 2 hours on Wednesday. Just wanted to give you a heads up. See you soon,",ham
"Dear team, Here's your weekly digest of top stories. The tech industry saw major developments with new AI regulations. Read the full articles on our website. Let's discuss this further. Cheers,",ham
"Hello everyone, Dear students, the midterm exam will cover chapters 1 through 7. I've uploaded a practice test on the course portal. Review sessions will be held next Tuesday and Thursday. Regards,",ham
"Dear Customer, FREE trial of our premium weight loss supplement! Lose 30 pounds in 30 days guaranteed or your money back. Order now and pay only shipping and handling. Hurry! $!$?!",spam
"Hey, Hi, just wanted to let you know that the family reunion is confirmed for August 15th. We've booked the lakehouse for the weekend. Please let everyone know and bring your favorite dish! Take care,",ham
"Hey there, Hi all, we're organizing a team building event next Thursday. It'll be an escape room challenge followed by dinner. Please RSVP by Wednesday so I can finalize the reservation. See you soon,",ham
"Hello, Hey, the weather forecast looks great for this weekend. Want to go hiking at the national park? I was thinking we could take the scenic trail that's about 5 miles long. See you at the meeting. Thanks,",ham
"Hi, Dear Professor, I wanted to confirm my attendance for the research seminar next week. I've prepared a brief summary of my findings so far. Would it be possible to schedule a 15-minute slot for my presentation? Thanks,",ham
"Hi, the landlord sent an email about the building maintenance schedule. They'll be fixing the elevator on Tuesday and the water will be off for 2 hours on Wednesday. Just wanted to give you a heads up. Thanks,",ham
"Dear Winner, ALERT: Your bank account has been compromised. Click here immediately to verify your identity and secure your account. Failure to act within 24 hours will result in account suspension. Guaranteed results. Don't wait!",spam
"HELLO, GET A FREE LAPTOP TODAY! NO PURCHASE NECESSARY. SIMPLY CLICK THE LINK AND ENTER YOUR EMAIL TO QUALIFY. THIS EXCLUSIVE OFFER IS AVAILABLE FOR A LIMITED TIME ONLY. CLICK HERE NOW!",spam
"Hello everyone, Hi, I've completed the code review for the API endpoints. Overall it looks great, just a few minor suggestions in the comments. Nice work on the error handling! Thanks for your time.",ham
"To Whom It May Concern, You've been pre-approved for a $50,000 credit line! No credit check required. Apply now by clicking the link below. Limited spots available, first come first served! Act immediately!",spam
"Good morning, Hey! How are you doing? It's been a while since we caught up. Want to grab coffee this weekend? Let me know what works for you. Talk soon,",ham
"Dear Valued Member, IMPORTANT: Your Netflix subscription payment failed. Update your billing information now to avoid service interruption. Click here to update your payment method securely. This offer won't last long. 100% guaranteed! !*?**",spam
"Hi there, Hi class, the assignment deadline has been extended to next Wednesday. Please make sure to include proper citations and references. Office hours are available on Monday if you need help. Thanks for your time. Take care,",ham
"Dear students, the midterm exam will cover chapters 1 through 7. I've uploaded a practice test on the course portal. Review sessions will be held next Tuesday and Thursday. Let me know your thoughts. Cheers,",ham
"Hey, the weather forecast looks great for this weekend. Want to go hiking at the national park? I was thinking we could take the scenic trail that's about 5 miles long. I appreciate your help. See you soon,",ham
"Dear Lucky One, CRITICAL: Your social security number has been compromised! Call our toll-free number immediately to freeze your credit. Failure to act now could result in identity theft! Don't wait!",spam
"Hey there, Hey, I noticed a bug in the payment processing module. When users enter an invalid card number, the error message doesn't display correctly. I've created a ticket for it. Can you take a look? Hope this helps. Take care,",ham
"Hi class, the assignment deadline has been extended to next Wednesday. Please make sure to include proper citations and references. Office hours are available on Monday if you need help. Don't hesitate to reach out. See you soon,",ham
"Hey, Hey, I saw the photos from your vacation. Looks like you had an amazing time! Where exactly did you stay? I'd love to plan a similar trip. We should catch up soon and you can tell me all about it. Take care,",ham
"Hello everyone, Hey, I've pushed the latest changes to the feature branch. Could you please review the pull request when you get a chance? The main updates are in the authentication module. See you soon,",ham
"Good morning, Hi, the landlord sent an email about the building maintenance schedule. They'll be fixing the elevator on Tuesday and the water will be off for 2 hours on Wednesday. Just wanted to give you a heads up. Regards,",ham
"Greetings! Earn passive income of $3,000 weekly with our automated forex system. No trading experience required. Start with just $50. Join over 100,000 successful traders worldwide! This is NOT spam. 100% guaranteed!",spam
"Dear User, Buy discount medications online! Up to 80% off on all prescriptions. No prescription needed. Fast discreet shipping worldwide. Order now and get free bonus pills! You have been specially selected. Act immediately!",spam
"CONGRATULATIONS! You've been chosen to receive a brand new iPhone 15 Pro Max absolutely FREE! Just complete a short survey and provide your shipping address. Hurry, only 10 units left! No credit card required. Act immediately!",spam
"Dear Valued Member, BREAKTHROUGH: Scientists discover miracle cure for baldness!!! Regrow a full head of hair in just 2 weeks. Order your FREE trial bottle today, just pay shipping!!! Wire transfer only. Reply ASAP!!!",spam
"Good morning, Hey, I noticed a bug in the payment processing module. When users enter an invalid card number, the error message doesn't display correctly. I've created a ticket for it. Can you take a look? See you at the meeting. Thanks,",ham
"Hello, You are the lucky winner of our weekly sweepstakes! A sum of $250,000 has been allocated to your name. Click here to verify your identity and receive your funds within 48 hours. Act immediately!",spam
"Hey, Hi class, the assignment deadline has been extended to next Wednesday. Please make sure to include proper citations and references. Office hours are available on Monday if you need help. See you soon,",ham
"Hello, Hi Mom, I'm doing well. Work has been busy but good. I'm planning to visit next month for the holidays. Can't wait to see everyone! Best regards,",ham
"Hi there, Hey, I saw the photos from your vacation. Looks like you had an amazing time! Where exactly did you stay? I'd love to plan a similar trip. We should catch up soon and you can tell me all about it. Talk soon,",ham
"Hello, Hey, do you have the notes from yesterday's lecture? I had to leave early for a doctor's appointment. I'd really appreciate it if you could share them. Looking forward to hearing from you. Thanks,",ham
"Good news! The community garden project has been approved by the city council. We'll be starting the planting season next month. Volunteers can sign up at the community center. See you soon,",ham
"URGENT: YOUR EMAIL HAS BEEN RANDOMLY SELECTED FOR A CASH PRIZE OF $500,000. TO CLAIM YOUR WINNINGS, REPLY WITH YOUR FULL NAME, ADDRESS, AND BANK DETAILS IMMEDIATELY. DO NOT SHARE THIS EMAIL WITH ANYONE. THIS IS NOT A JOKE!!!",spam
"Dear Customer, Exclusive offer just for you! Get 90% off on all luxury handbags. This flash sale ends tonight at midnight. Click here to browse our collection and save big! Don't wait!",spam
"Dear User, WARNING: Unusual sign-in activity detected on your Microsoft account. Someone tried to access your account from Russia. Click here to change your password and enable two-factor authentication. 100% guaranteed!",spam
"Hello, Dear member, our gym will be undergoing renovations starting next month. The pool area will be closed for two weeks but all other facilities remain open. We apologize for any inconvenience.",ham
"Hello, Hi team, just a reminder that we have our weekly standup meeting tomorrow at 10 AM. Please prepare your status updates and any blockers you'd like to discuss. See you all in the conference room. See you at the meeting. Cheers,",ham
"Dear Valued Member, Make $5,000 per day working from home! No experience needed. Our proven system guarantees results in just 7 days. Join thousands of successful members today! Don't wait!",spam
"Hi there, Hi, I've completed the code review for the API endpoints. Overall it looks great, just a few minor suggestions in the comments. Nice work on the error handling! Have a great day. See you soon,",ham
"Attention! BITCOIN ALERT: Invest $250 today and earn $10,000 by next week! Our AI-powered trading bot does all the work for you. Don't miss this once-in-a-lifetime opportunity! Call our toll-free number now. Reply ASAP!",spam
"Dear Friend, URGENT: Your email has been randomly selected for a cash prize of $500,000. To claim your winnings, reply with your full name, address, and bank details immediately. Do not share this email with anyone. Unsubscribe by clicking here. Reply ASAP!",spam
"Dear team, Hey, do you have the notes from yesterday's lecture? I had to leave early for a doctor's appointment. I'd really appreciate it if you could share them. Looking forward to hearing from you. Thanks,",ham
"DEAR WINNER, YOUR PAYPAL ACCOUNT HAS BEEN LIMITED DUE TO SUSPICIOUS ACTIVITY. PLEASE LOG IN THROUGH THE SECURE LINK BELOW TO RESTORE FULL ACCESS. IGNORING THIS NOTICE WILL RESULT IN PERMANENT ACCOUNT CLOSURE. LIMITED TIME ONLY!!!",spam
"Dear Customer, You are the lucky winner of our weekly sweepstakes! A sum of $250,000 has been allocated to your name. Click here to verify your identity and receive your funds within 48 hours. Don't wait!",spam
"Hello, URGENT BUSINESS PROPOSAL: I am Dr. James from Nigeria. I have $15.5 million that I need to transfer out of the country. I will give you 30% of the total if you help me. Reply for details. Guaranteed results. Click here now!",spam
"Hello everyone, Hi, I've completed the code review for the API endpoints. Overall it looks great, just a few minor suggestions in the comments. Nice work on the error handling! Don't hesitate to reach out. Thanks,",ham
"Good morning, Hi, just wanted to let you know that the family reunion is confirmed for August 15th. We've booked the lakehouse for the weekend. Please let everyone know and bring your favorite dish! Thanks for your time. Best,",ham
"Dear Winner, Buy discount medications online! Up to 80% off on all prescriptions. No prescription needed. Fast discreet shipping worldwide. Order now and get free bonus pills!",spam
"Hi, Hey, I saw the photos from your vacation. Looks like you had an amazing time! Where exactly did you stay? I'd love to plan a similar trip. We should catch up soon and you can tell me all about it.",ham
"Hello, Hey, I've pushed the latest changes to the feature branch. Could you please review the pull request when you get a chance? The main updates are in the authentication module. Thanks for your time. Best regards,",ham
"Dear Winner, Last chance! Your exclusive membership discount expires in 1 hour. Save 95% on premium software licenses today only. This deal will NOT be repeated. Act now or regret forever! No credit card required.",spam
"Hi, Dear member, our gym will be undergoing renovations starting next month. The pool area will be closed for two weeks but all other facilities remain open. We apologize for any inconvenience. Thanks,",ham
GREETINGS! AMAZING DEAL: BUY ONE GET THREE FREE ON ALL DESIGNER WATCHES! USE CODE FREESHIP FOR FREE WORLDWIDE SHIPPING. SHOP NOW BEFORE STOCKS RUN OUT!,spam
"Greetings! BREAKTHROUGH: Scientists discover miracle cure for baldness! Regrow a full head of hair in just 2 weeks. Order your FREE trial bottle today, just pay shipping! Guaranteed results. Reply ASAP!",spam
"Hi there, Hey! How are you doing? It's been a while since we caught up. Want to grab coffee this weekend? Let me know what works for you. Thanks,",ham
"Hi there, Good afternoon. The server migration is scheduled for this Saturday at 2 AM. Expected downtime is approximately 4 hours. I'll send out notifications to all affected users. Hope this helps. Thanks,",ham
"Hey, Thanks for your help with the client presentation yesterday. The client was really impressed with the demo. They've scheduled a follow-up meeting for next Tuesday. Best regards,",ham
"TO WHOM IT MAY CONCERN, GET BIGGER MUSCLES IN JUST 7 DAYS WITH OUR NEW SUPPLEMENT! USED BY PROFESSIONAL ATHLETES WORLDWIDE. BUY 2 BOTTLES GET 1 FREE. NO SIDE EFFECTS GUARANTEED! YOU HAVE BEEN SPECIALLY SELECTED. DON'T WAIT!",spam
"Hello everyone, Hi, I'm dropping off the kids at school tomorrow morning. Can you pick them up at 3 PM? I have a dentist appointment that I can't reschedule. I appreciate your help. Cheers,",ham
"DEAR WINNER, BITCOIN ALERT: INVEST $250 TODAY AND EARN $10,000 BY NEXT WEEK! OUR AI-POWERED TRADING BOT DOES ALL THE WORK FOR YOU. DON'T MISS THIS ONCE-IN-A-LIFETIME OPPORTUNITY! ACT IMMEDIATELY!",spam
"To Whom It May Concern, Dear Winner, we are pleased to inform you that your email won $750,000 in our annual draw. Send us your personal details to process the payment. This is a one-time opportunity, don't let it slip away! Unsubscribe by clicking here. Hurry! ?$?$!",spam
"Hello, Hi, your appointment with Dr. Smith is confirmed for next Monday at 2:30 PM. Please arrive 15 minutes early to complete the paperwork. If you need to reschedule, call us at least 24 hours in advance. See you at the meeting.",ham
